Author,Degree,Betweenness,Closeness,Coreness,Eigenvector
SecchiE,59,10404.48386,9.05E-06,0.60408951,16
BordinoP,28,710.8318067,9.04E-06,0.336121379,14
DanilewiczD,27,612.9919523,9.04E-06,0.309786734,14
KinasP,17,1577.120599,9.03E-06,0.222416028,12
OttP,63,9639.525826,9.06E-06,0.881650601,23
CrespoE,55,5552.355667,9.05E-06,0.746498482,23
AriasA,8,6.479195271,9.03E-06,0.077585992,7
RodríguezD,39,9289.654162,9.03E-06,0.173629727,14
GerpeM,4,0,9.00E-06,0.020757574,4
LailsonBritoJ,43,1939.072166,9.04E-06,0.470443003,15
MarigoJ,39,2219.038608,9.04E-06,0.375357705,15
RamosR,41,3308.072088,9.04E-06,0.43000705,14
HigaA,2,0,8.96E-06,0.00039629,2
BertozziC,23,192.8124269,9.04E-06,0.321038238,13
RosasF,29,8825.305767,9.03E-06,0.192840981,14
SantosM,76,11166.59907,9.06E-06,0.874275083,17
WeiskelH,8,6.479195271,9.03E-06,0.077585992,7
AzevedoA,35,1396.504993,9.05E-06,0.526569053,17
MignucciGiannoniA,5,1048,9.02E-06,0.028746796,3
LeBasA,4,525,9.00E-06,0.015032762,3
MoreteM,10,9,8.99E-06,0.005696863,7
GarcíaC,2,525,9.01E-06,0.012514625,1
MorenoI,68,8972.69982,9.06E-06,0.889788093,23
HasselL,5,0,9.02E-06,0.045035079,5
MagalhãesF,20,219.3558092,9.03E-06,0.200408459,15
NettoR,1,0,8.99E-06,0.006405812,1
DiBenedittoA,44,1638.508016,9.05E-06,0.696637996,23
IñíguezM,26,6250.388128,9.04E-06,0.216781269,12
FaillaSiquierG,1,0,8.96E-06,0.000505388,1
CrespiAbrilA,3,0,9.01E-06,0.027041988,3
GurjãoL,5,1048,8.97E-06,0.000692422,3
DrehmerC,3,166.2408595,9.00E-06,0.012059942,2
MolinaSchillerD,3,23,2.20E-06,1.95E-17,2
FélixF,39,3765.541301,9.05E-06,0.584159775,23
FloresP,50,4254.235773,9.06E-06,0.756265648,23
ParenteC,2,0,8.98E-06,0.001880575,2
AuriolesGamboaD,4,1048,8.80E-06,8.76E-11,2
MeirellesA,56,16136.51986,9.06E-06,0.56595187,17
SantillánL,4,0,9.00E-06,0.012214541,4
ZapataRíosG,4,0,9.00E-06,0.006876078,4
SzterenD,2,0,2.13E-06,1.42E-17,2
PalaciosD,24,2911.770774,9.04E-06,0.186105854,10
MartinsA,3,0,8.97E-06,0.000690798,3
SimõesLopesP,47,5789.916339,9.05E-06,0.562057315,17
FertlD,10,18680,9.03E-06,0.03314301,4
PintoR,3,0,9.02E-06,0.036042537,3
GarcíaGodosI,4,0,9.01E-06,0.047353787,4
BravoE,3,0,8.76E-06,3.16E-12,3
OliveiraL,33,6504.463844,9.04E-06,0.326677835,17
GrochK,18,228.9899847,9.02E-06,0.080407145,14
AcevedoGutiérrezA,4,0,8.80E-06,7.83E-11,4
LimaD,13,734.1059558,9.02E-06,0.027642179,5
CabreraE,2,0,2.13E-06,1.15E-17,2
ClarkeR,2,0,9.01E-06,0.026985435,2
GrandiM,5,0,9.01E-06,0.029064197,5
LaportaP,42,8401.254457,9.05E-06,0.415952837,17
CappozzoH,13,129,2.21E-06,6.84E-17,6
SouzaSP,7,20.34965968,9.02E-06,0.086478521,5
MaiaNogueiraR,6,665.6372073,8.99E-06,0.005586532,3
CostaP,9,529,9.00E-06,0.017417931,6
SuarezA,3,0,2.21E-06,1.37E-17,3
LabradaMartagónV,2,0,8.76E-06,3.05E-12,2
MottaM,6,2,9.01E-06,0.02269807,5
UtrerasV,24,2975.328654,9.04E-06,0.183900666,11
AlavaJ,3,3,2.14E-06,2.46E-17,1
RossiSantosM,29,4633.470432,9.05E-06,0.378106304,17
VanWaerebeekK,57,6274.925414,9.05E-06,0.775696195,23
VanBressemM,26,181.4194476,9.04E-06,0.53494692,23
TrimbleM,1,0,8.96E-06,0.000526976,1
MuelbertM,17,252.2453063,9.03E-06,0.186314001,14
SonninoSorisioL,2,0,2.13E-06,1.09E-17,2
IriarteV,0,0,2.13E-06,4.50E-18,0
PérezCortésH,2,0,2.13E-06,9.67E-18,2
WedekinL,16,710.7801907,9.03E-06,0.149540092,11
FaustinoC,1,0,8.98E-06,0.003939463,1
BottaS,19,57.50152688,9.04E-06,0.315991724,17
BermúdezVillapolL,13,2605,9.02E-06,0.033597635,8
RubioCisnerosN,6,0,8.84E-06,2.51E-09,6
PardoM,8,3,9.02E-06,0.026746478,5
MonteiroM,3,0,2.14E-06,1.65E-17,3
UrbánRamírezJ,14,9714,8.88E-06,6.20E-08,6
YatesO,2,0,2.13E-06,1.47E-17,2
ForestellP,5,2088,8.84E-06,2.09E-09,4
MouraJ,16,347.0310336,9.03E-06,0.129910674,11
SerranoA,2,0,2.13E-06,1.02E-17,2
AltieriB,2,0,9.01E-06,0.01968871,2
SanfeliceD,4,80,2.21E-06,2.78E-17,3
OliveiraG,2,0,8.99E-06,0.00670868,2
MattosP,2,0,9.01E-06,0.028368342,2
BaldassinP,5,0,2.14E-06,2.78E-17,5
FernandesM,4,0,9.00E-06,0.016078038,4
SepúlvedaM,6,18,2.16E-06,2.65E-17,3
GómezA,1,0,2.13E-06,5.82E-18,1
FrancoTrecuV,6,0,9.00E-06,0.016833205,6
SalvadeoC,3,0,8.84E-06,4.29E-09,3
PachecoA,4,4,2.14E-06,3.17E-17,2
CastelblancoMartínezN,10,31,2.16E-06,7.44E-17,5
CarvalhoV,5,0,9.01E-06,0.022009723,5
JeffersonT,7,14880,8.99E-06,0.001243764,4
FraijaN,2,0,2.13E-06,6.26E-18,2
BolañosJiménezJ,71,39668.80518,9.06E-06,0.759138573,23
DíazAguirreF,7,0,2.15E-06,3.92E-17,7
MelloD,2,0,8.99E-06,0.004076512,2
DaneriG,7,30,2.21E-06,3.26E-17,4
PalaciosAlfaroJ,0,0,2.13E-06,4.50E-18,0
SoutoL,17,1249.190485,9.02E-06,0.053165471,14
SoléCavaA,5,0,9.02E-06,0.0760453,5
daSilvaV,14,1571,9.03E-06,0.117179312,11
CaballeroS,39,3125.00176,9.05E-06,0.463822719,17
McGuireT,9,0,9.03E-06,0.072201558,9
HardtF,3,0,9.02E-06,0.038334424,3
AlonsoM,19,79.4014919,9.03E-06,0.20478804,15
MayColladoL,18,525,9.04E-06,0.310007038,17
LaetaM,26,1000.475682,9.04E-06,0.522105405,23
EminLimaN,14,1569,9.03E-06,0.117198173,11
GómezSalazarC,15,2677.063545,9.03E-06,0.073150214,9
CunhaH,19,54.59659833,9.04E-06,0.345057636,17
WhittAD,4,0,8.99E-06,0.001239387,4
GonzálezSocoloskeD,8,3643,9.00E-06,0.007810557,5
MuñozL,3,0,2.16E-06,1.00E-17,3
OliveiraA,6,0,9.01E-06,0.033317507,6
JiménezPinedoC,5,0,9.02E-06,0.021073317,5
FerreiraMEC,2,0,8.99E-06,0.003718225,2
QuintanaRizzoE,0,0,2.13E-06,4.50E-18,0
MarmontelM,40,12170.30458,9.04E-06,0.230264618,11
DeBoerMN,0,0,2.13E-06,4.50E-18,0
JiménezPJ,1,0,2.14E-06,4.30E-18,1
CárdenasHinojosaG,7,12525,8.92E-06,1.57E-06,5
SecoPonJP,1,0,2.13E-06,5.94E-18,1
DelgadoPM,3,0,2.14E-06,1.16E-17,3
NaranjitAR,2,0,2.13E-06,1.06E-17,2
BustosRL,4,0,2.21E-06,1.53E-17,4
DuplaixN,2,0,8.99E-06,0.006708936,2
AyalaG,3,0,2.14E-06,1.68E-17,3
TomasWM,6,0,8.95E-06,0.000273653,6
BozzettiBF,2,0,8.99E-06,0.006716342,2
TrujilloF,45,8610.565544,9.05E-06,0.371826734,17
BecerraCardonaMP,2,0,8.97E-06,0.000763954,2
EvangelistaE,3,525,8.99E-06,0.00671628,2
GeorgiadisG,2,0,2.13E-06,1.42E-17,2
BuschiazzoM,2,0,2.13E-06,8.47E-18,2
CabralMM,3,3.5,8.99E-06,0.006936591,2
GroenendijkJ,5,525,9.02E-06,0.021934137,4
FruetP,45,4236.822788,9.05E-06,0.462677118,17
LodiL,33,1483.409158,9.04E-06,0.422779579,17
ZappesCA,12,30.76315615,9.03E-06,0.141610164,8
DomitC,23,364.2901087,9.04E-06,0.336150314,17
DauraJorgeF,2,0,9.01E-06,0.023923265,2
GiacomoAB,1,0,9.02E-06,0.029640301,1
FaillaM,13,77.03675097,9.03E-06,0.089927817,12
BarretoAS,22,659.9706181,9.04E-06,0.295701723,17
CostaAPB,2,0,9.01E-06,0.019553224,2
VermeulenE,31,2018.335864,9.05E-06,0.362897447,17
LandeoYauriS,2,0,2.16E-06,1.28E-17,2
O’HernJE,6,0,8.99E-06,0.006594413,6
CarvalhoC,2,0,9.00E-06,0.008010599,2
AliagaRosselE,10,525,9.03E-06,0.072280596,9
PizarroNeyraJ,0,0,2.13E-06,4.50E-18,0
MayorgaLFSP,3,0,2.14E-06,1.62E-17,3
HarmsTuohyCA,1,0,2.13E-06,3.31E-18,1
SironiM,17,2605,9.03E-06,0.090001188,12
BassoiM,15,55.69361106,9.03E-06,0.159010993,14
BacharaW,9,1628.756613,9.02E-06,0.065252869,3
RodriguezFerrerG,3,0,2.14E-06,1.46E-17,3
LaurentinoI,3,0,8.97E-06,0.000641691,3
CárcamoD,3,0,2.16E-06,2.04E-17,3
MutisMA,1,0,2.13E-06,3.89E-18,1
FrischJordánA,5,6,2.14E-06,3.14E-17,3
MacKayMM,1,0,2.13E-06,4.69E-18,1
MaieskiKAN,2,0,9.01E-06,0.0187812,2
ToroF,11,0,8.99E-06,0.008824704,11
GuzmánTéllezJE,0,0,2.13E-06,4.50E-18,0
RamosEA,5,0,2.16E-06,2.58E-17,5
BordinA,27,3266.894063,9.02E-06,0.039861126,14
BriceñoY,8,0,9.02E-06,0.033385402,8
MuirheadCA,0,0,2.13E-06,4.50E-18,0
PusineriC,14,0,8.98E-06,0.006115103,14
AvilaI,26,1569,9.04E-06,0.493060302,23
EspinozaRodríguezIJ,2,0,2.14E-06,1.02E-17,2
GarcíaCegarraAM,2,0,9.01E-06,0.026985435,2
MezaYáñezR,7,0,2.15E-06,4.70E-17,7
CosentiñoM,1,0,2.13E-06,6.84E-18,1
FurtadoMM,3,0,9.00E-06,0.008299321,3
BélangerA,5,0,8.98E-06,0.002841337,5
CourtinB,8,0,9.02E-06,0.033699947,8
ZepedaBorjaKM,5,0,8.98E-06,0.002861018,5
VidalMD,4,0,9.02E-06,0.047318683,4
OrtizWolfordJS,3,0,2.14E-06,2.05E-17,3
CobarrubiaRussoS,2,0,2.13E-06,1.21E-17,2
PadulaAD,6,0,8.99E-06,0.007016761,6
SicilianoS,90,14949.46856,9.06E-06,1,23
RochaJ,7,0,9.02E-06,0.066653436,7
RiveroL,2,0,9.00E-06,0.019361872,2
AzeredoM,5,0,9.01E-06,0.057563105,5
BastidaR,43,4761.440724,9.04E-06,0.402289052,14
HingstZaherE,4,1048,9.00E-06,0.011391362,2
ZerbiniA,16,66.25196369,9.03E-06,0.234153014,12
MonteiroFilhoE,4,68.62066713,9.02E-06,0.025133916,4
VicenteA,14,10.43981164,9.03E-06,0.203587239,12
WangJ,6,0,9.03E-06,0.09262578,6
FragosoA,34,375.9433792,9.04E-06,0.61760963,23
MontoyaOspinaR,2,0,8.98E-06,0.001000063,2
PaceR,4,0,8.99E-06,0.00486862,4
DawsonS,1,0,8.96E-06,0.00042073,1
VenturottiA,5,0,9.02E-06,0.045035079,5
BarbosaL,13,525,9.03E-06,0.190540858,12
HeviaM,4,0,9.02E-06,0.029586265,4
GarcíaN,7,4,9.01E-06,0.030823312,5
BarcellosL,3,0,9.02E-06,0.040994514,3
FurtadoNetoM,7,4159,9.01E-06,0.019166196,3
MattosG,2,0,8.99E-06,0.00670868,2
MartinsC,19,4365.171353,9.03E-06,0.099322283,7
FabiánM,6,426.1205633,9.02E-06,0.030610546,4
PinedoM,1,0,2.20E-06,5.02E-18,1
BazzaloM,42,3202.378551,9.05E-06,0.535923865,17
VergaraParenteJ,19,1677.042256,9.02E-06,0.054057109,14
SchrammY,5,1569,8.80E-06,8.77E-11,3
RocaM,4,0,9.00E-06,0.012214541,4
NayaD,2,0,2.13E-06,1.29E-17,2
SalazarS,2,0,9.00E-06,0.006474374,2
AlvesT,3,0,8.97E-06,0.000690798,3
GutsteinC,1,0,9.01E-06,0.018895862,1
BarrosN,4,0,8.99E-06,0.001239223,4
MunizPereiraL,3,0,9.02E-06,0.036042537,3
FreitasJ,2,0,8.93E-06,2.41E-05,2
SilvaK,3,0,8.99E-06,0.008016438,3
HeckelG,3,0,8.76E-06,3.16E-12,3
PalazzoJ,4,0,9.01E-06,0.03017163,4
DiBerardinisA,4,0,8.80E-06,7.83E-11,4
NettoD,1,0,9.02E-06,0.029392343,1
CarlsonC,2,0,2.13E-06,1.29E-17,2
BurenA,5,0,9.01E-06,0.029064197,5
PraderiR,7,1046.5,9.00E-06,0.015674884,3
NegriM,14,129,2.21E-06,5.75E-17,6
NunesJ,1,0,8.95E-06,0.000187814,1
RosalesS,2,0,2.20E-06,1.44E-17,2
SilvaC,4,1,9.01E-06,0.021163219,3
SuárezE,4,0,9.00E-06,0.006876078,4
CarvajalR,1,0,2.14E-06,3.85E-18,1
SequeiraM,5,0,9.01E-06,0.049255077,5
RochaC,2,0,8.99E-06,0.00670868,2
DeMaddalenaA,2,0,2.13E-06,1.00E-17,2
BarreraA,2,0,2.13E-06,1.20E-17,2
FountouraN,1,0,9.01E-06,0.025424972,1
SayeghA,5,0,8.98E-06,0.001305016,5
MesnickS,8,3633,8.84E-06,2.51E-09,6
VaskeT,3,0,2.14E-06,2.38E-17,3
MachadoR,3,0,9.00E-06,0.011774298,3
BakerA,9,0,9.03E-06,0.105743169,9
RossoS,1,0,9.02E-06,0.029392343,1
BlackA,2,0,2.13E-06,9.72E-18,2
GarcíaJiménezA,2,0,2.13E-06,7.26E-18,2
VianaD,2,0,9.01E-06,0.01968871,2
PacíficoE,2,0,9.02E-06,0.030414863,2
FreitasT,3,63,2.20E-06,1.66E-17,2
BarcellosJ,2,0,8.99E-06,0.00670868,2
DallaRosaL,29,1083.148817,9.04E-06,0.381139074,17
WerneckM,5,0,2.14E-06,2.48E-17,5
CordeiroA,4,0,9.00E-06,0.016078038,4
BoteroN,2,0,9.00E-06,0.020322139,2
PérezAlvarezM,3,0,2.16E-06,1.91E-17,3
MendezM,1,0,2.13E-06,4.32E-18,1
GómezGallardoA,7,505,8.88E-06,6.14E-08,5
SilvaS,2,0,2.14E-06,1.45E-17,2
MoralesVelaB,3,0,2.16E-06,1.50E-17,3
OlsonP,3,0,8.95E-06,4.48E-05,3
MejíaFajardoA,5,0,9.02E-06,0.02469021,5
FlórezGonzálezL,2,0,2.13E-06,9.29E-18,2
MerlenG,1,0,2.14E-06,4.23E-18,1
NavarreteS,7,0,2.15E-06,3.88E-17,7
DittE,1,0,9.02E-06,0.029392343,1
LemosL,3,0,8.98E-06,0.002043904,3
OlavarríaC,7,123.4620177,9.03E-06,0.117501406,7
FettucciaD,11,0,9.03E-06,0.116785996,11
CremerM,47,4864.63983,9.05E-06,0.539865505,17
AlarcónD,21,3120,9.03E-06,0.163178713,15
HeimeierD,11,0,9.03E-06,0.11651161,11
RibeiroA,3,0,9.01E-06,0.02042495,3
WartzokD,1,0,9.00E-06,0.010422158,1
SouzaSM,23,0,9.04E-06,0.491326249,23
MouraL,3,0,8.99E-06,0.004224119,3
PortocarreroAyaM,9,0,9.03E-06,0.072201558,9
CampolimM,4,0,9.02E-06,0.032689297,4
PalizaO,2,0,9.01E-06,0.026985435,2
TaylorCR,2,0,8.96E-06,0.000271719,2
PavezG,6,18,2.16E-06,3.69E-17,3
KolesnikovasCKM,6,0,9.01E-06,0.033317507,6
VarelaEA,7,30,2.21E-06,4.32E-17,4
DomínguezGarcíaC,5,0,9.02E-06,0.021073317,5
SilvaA,2,0,2.14E-06,7.13E-18,2
PalavecinoP,2,0,2.13E-06,1.14E-17,2
FlachL,42,1036.183027,9.05E-06,0.750141952,23
HoyosPadillaM,2,0,8.91E-06,1.56E-06,2
FaveroM,1,0,2.13E-06,4.64E-18,1
OliveraGómezLD,5,0,8.96E-06,0.000303382,5
PereaNS,3,0,2.14E-06,1.66E-17,3
NelsonHP,2,0,2.13E-06,9.69E-18,2
WallaceRB,3,0,2.14E-06,1.39E-17,3
CamiloAR,6,0,8.95E-06,0.000273653,6
CaroA,3,0,9.01E-06,0.013401579,3
MalleaCárdenasHA,2,0,8.97E-06,0.000763954,2
TosiC,1,0,8.95E-06,0.000225795,1
CalvimontesUJ,2,0,9.00E-06,0.008010599,2
CampelloS,2,0,2.13E-06,1.07E-17,2
GonzálezEM,2,0,2.13E-06,1.04E-17,2
RibasC,8,3120,8.99E-06,0.006771542,6
HajekF,1,0,8.97E-06,0.000737406,1
HoffmannLS,22,127.2910237,9.04E-06,0.331534553,17
SeijasVA,2,0,9.00E-06,0.015223578,2
CamposTM,14,0,9.02E-06,0.052850807,14
TavaresDC,3,0,9.02E-06,0.039308084,3
LochC,2,0,9.01E-06,0.019553224,2
SculleyM,6,0,8.99E-06,0.006594413,6
GräbinDM,2,0,9.00E-06,0.008010599,2
GuizadaL,1,0,8.98E-06,0.002430009,1
BheringRCC,3,0,2.14E-06,1.89E-17,3
TuohyEA,1,0,2.13E-06,4.30E-18,1
AlzugarayL,5,0,8.99E-06,0.003495871,5
VásconezO,3,0,9.00E-06,0.0210546,3
ShepherdJG,2,0,9.01E-06,0.025654753,2
GilkesMW,3,0,9.02E-06,0.028681741,3
ReyesR,3,0,2.14E-06,1.00E-17,3
SousaR,3,0,8.97E-06,0.000641691,3
PizarroM,3,0,2.16E-06,1.54E-17,3
PolancoFA,1,0,2.13E-06,2.66E-18,1
RansomeNL,3,0,2.14E-06,1.28E-17,3
BaconCE,1,0,2.13E-06,5.24E-18,1
SchulzeB,2,0,9.01E-06,0.0187812,2
GutiérrezJM,11,0,8.99E-06,0.008824704,11
IbarraPortilloR,3,0,8.98E-06,0.002351879,3
IzaguirreLuqueAP,5,0,2.16E-06,3.25E-17,5
DabinW,8,0,8.98E-06,0.004443169,8
RamírezS,8,0,9.02E-06,0.033385402,8
SilvestroP,4,0,9.00E-06,0.009395871,4
MartinezL,14,0,8.98E-06,0.006115103,14
OrtegaLF,3,0,9.00E-06,0.017771144,3
MalebranM,2,0,9.01E-06,0.026985435,2
LlamasGonzálezM,7,0,2.15E-06,3.06E-17,7
OriaN,1,0,2.13E-06,5.62E-18,1
RodriguesLA,3,0,9.00E-06,0.008299321,3
WrightAJ,5,0,8.98E-06,0.002841337,5
VanhouckeM,13,1003.2,9.02E-06,0.03504253,8
MillonC,8,0,9.02E-06,0.033699947,8
MorteoE,13,2605,9.03E-06,0.073656887,8
SantosPMC,4,0,9.02E-06,0.047318683,4
CoronaFigueroaMF,3,0,2.14E-06,1.52E-17,3
SawyerI,2,0,2.13E-06,8.36E-18,2
MarquesML,7,0,8.99E-06,0.004244056,7
GanaJCM,6,0,8.99E-06,0.007016761,6
MorenoV,4,0,9.00E-06,0.020757574,4
MalmO,5,0,9.01E-06,0.057563105,5
AndradeA,5,0,9.00E-06,0.026303336,5
OlssonP,2,0,9.00E-06,0.019361872,2
VivoM,2,0,8.96E-06,0.00039629,2
OliveiraM,6,5.933716284,9.00E-06,0.027120832,5
ZampirolliE,14,10.43981164,9.03E-06,0.203587239,12
VelascoEscuderoM,2,0,8.98E-06,0.001000063,2
BorgesMartinsM,5,0,9.02E-06,0.087695375,5
MorónS,8,156.2125908,9.02E-06,0.070320985,7
GasparrouC,4,0,9.02E-06,0.029586265,4
SantosR,3,0,8.97E-06,0.000690855,3
AndrioloA,3,0,9.02E-06,0.034427294,3
MeneghetiJ,2,0,8.98E-06,0.001434543,2
LimaR,2,0,8.98E-06,0.001880575,2
ApazaM,4,0,9.00E-06,0.012214541,4
ArimM,2,0,2.13E-06,1.16E-17,2
DayD,2,0,9.00E-06,0.006474374,2
RowlettR,4,0,8.99E-06,0.001239223,4
AlvesV,3,0,9.02E-06,0.036042537,3
AraújoD,2,0,8.93E-06,2.41E-05,2
EstimaS,3,0,8.99E-06,0.008016438,3
MorganteJ,2,0,9.00E-06,0.011365583,2
LarkinS,4,0,8.80E-06,7.83E-11,4
YoungR,3,0,8.98E-06,0.002842209,3
GallettiVernazzaniB,2,0,2.13E-06,1.30E-17,2
LittleV,3,0,9.00E-06,0.015016324,3
MahlerB,6,0,2.21E-06,3.40E-17,6
CuencaS,7,6.789604377,9.02E-06,0.04908957,5
PiedraM,3,0,8.96E-06,0.001151255,3
CassiniM,3,0,2.21E-06,1.34E-17,3
MartínezDíazS,2,0,8.76E-06,3.05E-12,2
SousaLimaR,5,1569,9.01E-06,0.017803717,3
WilliamsonC,5,0,9.01E-06,0.049255077,5
BennettM,2,0,9.01E-06,0.044062644,2
VisserI,2,0,2.13E-06,8.56E-18,2
OllervidesF,2,0,2.13E-06,1.21E-17,2
EstevezM,5,0,8.98E-06,0.001305016,5
VázquezJuárezR,6,0,8.84E-06,2.51E-09,6
BarbosaT,3,0,2.14E-06,1.89E-17,3
AlieviM,3,0,9.00E-06,0.011774298,3
ReyesJ,28,492.3609139,9.04E-06,0.538134389,23
GonzálezGándaraC,2,0,2.13E-06,8.57E-18,2
GonçalvesM,2,0,9.02E-06,0.030414863,2
PérezF,5,0,2.21E-06,1.72E-17,5
BarbosaC,5,0,2.14E-06,2.61E-17,5
CarvalhoD,4,0,9.00E-06,0.016078038,4
FalconíJ,2,0,9.00E-06,0.020322139,2
LópezP,3,0,2.16E-06,1.29E-17,3
AbudC,6,0,9.00E-06,0.016833205,6
LluchBeldaD,3,0,8.84E-06,4.29E-09,3
AlcortaB,2,0,2.14E-06,9.74E-18,2
HernándezAranaH,3,0,2.16E-06,1.53E-17,3
KieckheferT,3,0,8.95E-06,4.48E-05,3
BeltránPedrerosS,15,112.3954109,9.03E-06,0.125040893,11
JáureguiA,2,0,2.13E-06,1.39E-17,2
SalinasC,7,0,2.15E-06,5.91E-17,7
MartinA,2,0,8.99E-06,0.004076512,2
ViolanteT,3,0,8.98E-06,0.002043904,3
BorobiaM,21,283.7883505,9.04E-06,0.267463268,15
BonvicinoC,5,0,9.02E-06,0.0760453,5
RodriguesE,11,0,9.03E-06,0.116785996,11
ViannaJ,11,0,9.03E-06,0.11651161,11
TonelloA,3,0,9.02E-06,0.038334424,3
RodriguesA,3,0,8.99E-06,0.004224119,3
ParadaI,4,0,9.02E-06,0.032689297,4
BlancoM,4,0,8.99E-06,0.001239387,4
RendonThompsonOR,2,0,8.96E-06,0.000271719,2
WhiteheadH,2,0,9.01E-06,0.014959725,2
InostrozaP,3,0,2.16E-06,8.61E-18,3
SerafiniPP,6,0,9.01E-06,0.033317507,6
DiMartinoCC,4,0,2.20E-06,1.64E-17,4
HubnerA,8,1353.373563,9.03E-06,0.10501205,6
RiascosJM,2,0,2.14E-06,7.23E-18,2
SchwarzN,3,0,9.01E-06,0.038464029,3
RojasBrachoL,5,13473,8.95E-06,4.49E-05,3
ReidJP,5,0,8.96E-06,0.000303382,5
GarciaCB,3,0,2.14E-06,1.69E-17,3
RamseyAP,2,0,2.13E-06,1.23E-17,2
ViscarraM,3,0,2.14E-06,1.94E-17,3
MartínezS,3,0,9.01E-06,0.013401579,3
VanDammePA,6,1048,9.02E-06,0.021959848,4
CarvalhoJrO,2,0,9.00E-06,0.008010599,2
LelesBN,2,0,2.13E-06,5.12E-18,2
SoutulloA,2,0,2.13E-06,1.30E-17,2
DiTullioJC,12,224.9171363,9.03E-06,0.112910253,8
BisiTL,6,0,9.02E-06,0.083248066,6
GenovesR,11,47.66578009,9.02E-06,0.106987922,8
MarcondesMCC,19,646.6077582,9.02E-06,0.062387865,14
SeccoHKC,3,0,9.02E-06,0.039308084,3
BerninsoneLG,12,0,9.03E-06,0.089432661,12
WilliamsM,2,0,2.16E-06,1.18E-17,2
JeanSmithK,6,0,8.99E-06,0.006594413,6
HurtadoR,3,0,2.14E-06,1.92E-17,3
SaezA,5,0,8.99E-06,0.003495871,5
CentenoR,3,0,9.00E-06,0.0210546,3
HammermanNM,3,0,2.14E-06,1.16E-17,3
CorsoG,3,0,8.97E-06,0.000641691,3
OrellanaM,3,0,2.16E-06,2.14E-17,3
ArandaMenaO,3,0,2.14E-06,1.58E-17,3
HenríquezA,13,0,8.99E-06,0.009438703,11
MartínezDeNavasE,3,0,8.98E-06,0.002351879,3
HerreraL,5,0,2.16E-06,2.67E-17,5
PineauK,13,1003.2,9.02E-06,0.03504253,8
FuniC,7,12.74531025,9.00E-06,0.012177475,5
PretelC,3,0,9.00E-06,0.017771144,3
NoriegaBetancourtF,2,0,2.14E-06,8.16E-18,2
LandaJaimeV,7,0,2.15E-06,2.30E-17,7
TeixeiraRHF,3,0,9.00E-06,0.008299321,3
FeunteunA,8,0,9.02E-06,0.033699947,8
GuzónZatarainO,5,0,8.98E-06,0.002861018,5
MachucaCoronadoOH,3,0,2.14E-06,1.90E-17,3
MoleroLizarragaA,2,0,2.13E-06,1.16E-17,2
DeSouzaRCF,7,0,8.99E-06,0.004244056,7
GiardinoGV,6,0,8.99E-06,0.007016761,6
FidelixL,7,0,9.02E-06,0.066653436,7
AlvarengaF,14,10.43981164,9.03E-06,0.203587239,12
FreitasA,4,0,8.99E-06,0.00486862,4
HerediaS,4,0,9.01E-06,0.026353676,4
TomsinA,4,0,9.02E-06,0.029586265,4
CoscarellaM,3,0,9.01E-06,0.027041988,3
CasconP,3,0,8.97E-06,0.000690855,3
EngelM,6,385.2983883,9.02E-06,0.034929297,4
LienJ,3,0,8.97E-06,0.000690798,3
EstesS,4,0,8.99E-06,0.001239223,4
MonteiroD,3,0,8.99E-06,0.008016438,3
EscobarFernándezR,3,0,8.76E-06,3.16E-12,3
AdlerF,4,0,9.01E-06,0.03017163,4
LarkinK,4,0,8.80E-06,7.83E-11,4
PaszkiewiczE,3,0,8.98E-06,0.002842209,3
LiaV,6,0,2.21E-06,1.68E-17,6
SanctisB,3,0,9.02E-06,0.038176779,3
FrancoFraguasP,3,0,8.96E-06,0.001151255,3
LassoG,4,0,9.00E-06,0.006876078,4
SaninoG,34,947.0572629,9.05E-06,0.541630598,23
RangelM,5,0,8.98E-06,0.001305016,5
AlvesM,3,0,2.14E-06,1.43E-17,3
WurdigN,3,0,9.00E-06,0.011774298,3
GedamkeJ,9,0,9.03E-06,0.105743169,9
GonzálezPeralU,5,0,8.88E-06,6.12E-08,5
AlbaredaD,5,0,2.21E-06,1.94E-17,5
AlfaroShiguetoJ,4,0,9.01E-06,0.047353787,4
GalloB,5,0,2.14E-06,1.88E-17,5
SantosW,4,0,9.00E-06,0.016078038,4
MoragaR,3,0,2.16E-06,1.60E-17,3
DimitriadisC,6,0,9.00E-06,0.016833205,6
PadillaSaldivarJ,3,0,2.16E-06,1.32E-17,3
MaiaD,5,0,9.01E-06,0.022009723,5
HiriartL,7,0,2.15E-06,3.86E-17,7
CorreaT,5,0,9.02E-06,0.0760453,5
EdwardsH,11,0,9.03E-06,0.116785996,11
BarriosGarridoH,23,538.9192445,9.05E-06,0.336383031,17
SoaresFilhoA,3,0,9.01E-06,0.02042495,3
SilvaM,3,0,8.99E-06,0.004224119,3
DunkerP,4,0,9.02E-06,0.032689297,4
MoreiraLMP,6,0,9.01E-06,0.033317507,6
HarringtonA,4,0,2.20E-06,2.14E-17,4
HaaseB,25,442.3761995,9.04E-06,0.494699706,23
EchegarayM,25,25.94871437,9.04E-06,0.533513755,23
EspinozaMarinC,5,0,8.96E-06,0.000303382,5
DavilaCRG,3,0,2.14E-06,1.70E-17,3
JuradoC,3,0,2.14E-06,1.56E-17,3
LeuchtenbergerC,6,0,8.95E-06,0.000273653,6
RodríguezMaldonadoMV,3,0,9.01E-06,0.013401579,3
ValiatiVH,5,0,9.01E-06,0.036257824,5
TavaresM,5,0,9.03E-06,0.107779338,5
BiggsD,6,0,8.99E-06,0.006594413,6
VanstreelsRET,3,0,2.14E-06,1.47E-17,3
VilchesF,5,0,8.99E-06,0.003495871,5
RomeroJ,3,0,9.00E-06,0.0210546,3
GarcíaHernándezJE,3,0,2.14E-06,1.59E-17,3
RomoSirventF,3,0,2.14E-06,9.66E-18,3
LeichtleJ,11,0,8.99E-06,0.008824704,11
PinedaL,3,0,8.98E-06,0.002351879,3
AntúnezE,5,0,2.16E-06,1.13E-17,5
TribotJ,8,0,8.98E-06,0.004443169,8
SánchezL,8,0,9.02E-06,0.033385402,8
MonteiroW,5,0,9.00E-06,0.011566262,5
MontgolfierB,21,1965.552969,9.02E-06,0.037383225,14
MayorG,3,0,9.00E-06,0.017771144,3
MichelMorfinE,7,0,2.15E-06,4.57E-17,7
ShuttJD,5,0,8.98E-06,0.002841337,5
KelleL,7,0,9.02E-06,0.034175429,7
SafiM,21,1965.552969,9.02E-06,0.037383225,14
PérezEspañaH,5,0,8.98E-06,0.002861018,5
GiróPetersenA,3,0,2.14E-06,1.72E-17,3
TristãoIA,7,0,8.99E-06,0.004244056,7
DeLeonMC,6,0,8.99E-06,0.007016761,6
LázaroM,13,134.279618,9.03E-06,0.154261757,7
DeHaroC,7,0,9.02E-06,0.066653436,7
MorenoJ,4,0,9.00E-06,0.020757574,4
DiasR,5,0,9.00E-06,0.026303336,5
CaonG,17,326.5387472,9.03E-06,0.200595211,14
LoureiroJ,11,528.4723237,9.03E-06,0.137650203,8
OntónK,4,0,9.00E-06,0.012214541,4
RichlenM,4,0,8.99E-06,0.001239223,4
SvendsenG,5,0,9.01E-06,0.029064197,5
MartinezP,6,0,2.21E-06,1.63E-17,6
PinosL,4,0,9.00E-06,0.006876078,4
GallegoP,5,0,9.01E-06,0.049255077,5
RossoC,5,0,8.98E-06,0.001305016,5
GodardC,6,0,8.84E-06,2.51E-09,6
DelToroOrozcoW,5,0,8.88E-06,6.12E-08,5
MonzónF,5,0,2.21E-06,1.71E-17,5
AriasSchreiberM,4,0,9.01E-06,0.047353787,4
GalloH,5,0,2.14E-06,2.83E-17,5
CampelloM,5,0,9.01E-06,0.022009723,5
KerrI,5,0,9.02E-06,0.02469021,5
CastilloV,7,0,2.15E-06,4.55E-17,7
FillaG,20,149.7122724,9.03E-06,0.241196665,15
MontielVillalobosM,23,538.9192445,9.05E-06,0.336383031,17
TaniguchiS,5,0,9.02E-06,0.061765851,5
SilvaE,4,0,9.02E-06,0.032689297,4
ReesD,4,0,8.99E-06,0.001239387,4
PontaltiM,6,0,9.01E-06,0.033317507,6
MontielRA,4,0,2.20E-06,2.07E-17,4
ÁvilaJM,5,0,9.02E-06,0.021073317,5
RuizKE,5,0,8.96E-06,0.000303382,5
LunaM,4,0,2.21E-06,1.14E-17,4
BorgesPAL,6,0,8.95E-06,0.000273653,6
DeFreitasTRO,5,0,9.01E-06,0.036257824,5
SloweyN,6,0,8.99E-06,0.006594413,6
FernándezAjóAA,5,0,8.99E-06,0.003495871,5
FolladorN,11,0,8.99E-06,0.008824704,11
BrownTW,5,0,2.16E-06,3.21E-17,5
SegersM,8,0,8.98E-06,0.004443169,8
PiresR,4,0,9.00E-06,0.009395871,4
SantosVF,5,0,9.00E-06,0.011566262,5
DeffesO,14,0,8.98E-06,0.006115103,14
FloresVargasR,7,0,2.15E-06,4.35E-17,7
ChotaK,5,0,8.98E-06,0.002841337,5
CozannetN,7,0,9.02E-06,0.034175429,7
DuporgeN,8,0,9.02E-06,0.033699947,8
DelfínAlfonsoCA,5,0,8.98E-06,0.002861018,5
MottaMC,7,0,8.99E-06,0.004244056,7
ElissamburuA,6,0,8.99E-06,0.007016761,6
SaldanhaM,5,0,9.01E-06,0.057563105,5
CatãoDiasJ,17,227.2165147,9.03E-06,0.160769743,14
MarquesF,5,0,9.02E-06,0.045035079,5
DansS,5,0,9.01E-06,0.029064197,5
GianggiobeA,6,0,2.21E-06,2.60E-17,6
CarmoP,5,0,9.01E-06,0.049255077,5
VeraN,5,0,8.98E-06,0.001305016,5
PayneR,6,0,8.84E-06,2.51E-09,6
BrownellR,5,0,8.88E-06,6.12E-08,5
CorcueraJ,5,0,2.21E-06,1.61E-17,5
WalshM,5,0,2.14E-06,2.98E-17,5
PassadoreC,6,0,9.00E-06,0.016833205,6
BevilaquaC,5,0,9.01E-06,0.022009723,5
ZeregaA,7,0,2.15E-06,3.26E-17,7
MontoneR,5,0,9.02E-06,0.061765851,5
ViddiF,25,25.94871437,9.04E-06,0.533513755,23
GlanderKE,5,0,8.96E-06,0.000303382,5
MourãoG,6,0,8.95E-06,0.000273653,6
TezanosPintoG,8,0,9.03E-06,0.073191606,8
MöllerLM,12,116.0695002,9.03E-06,0.091426855,8
BonattoSL,5,0,9.03E-06,0.107779338,5
ReisMSS,14,0,9.02E-06,0.052850807,14
FaifermanP,5,0,8.99E-06,0.003495871,5
AbarcaP,11,0,8.99E-06,0.008824704,11
SimonJ,8,0,8.98E-06,0.004443169,8
GonzálezM,8,0,9.02E-06,0.033385402,8
RufrayV,14,0,8.98E-06,0.006115103,14
DelgadoTrejoC,7,0,2.15E-06,4.73E-17,7
BodmerR,5,0,8.98E-06,0.002841337,5
PoolM,15,533.2716238,9.03E-06,0.079112357,9
BelloPinedaJ,5,0,8.98E-06,0.002861018,5
SaubidetA,6,0,2.21E-06,2.52E-17,6
DizonA,6,0,8.84E-06,2.51E-09,6
SzephegyiM,6,0,9.00E-06,0.016833205,6
RitterR,7,0,2.15E-06,4.87E-17,7
DussánDuqueS,6,0,9.03E-06,0.104709407,6
PellegrinLA,6,0,8.95E-06,0.000273653,6
NormandeI,14,0,9.02E-06,0.052850807,14
HarrisG,12,0,9.03E-06,0.089432661,12
DuncanR,6,0,8.99E-06,0.006594413,6
CalderónC,11,0,8.99E-06,0.008824704,11
NarvaezE,8,0,9.02E-06,0.033385402,8
LenrumeP,14,0,8.98E-06,0.006115103,14
LiñanCabelloMA,7,0,2.15E-06,3.48E-17,7
BarragánBarreraDC,8,0,9.02E-06,0.033699947,8
CardosoJ,7,0,8.99E-06,0.004244056,7
DenuncioP,6,0,8.99E-06,0.007016761,6
RuoppoloV,14,0,9.03E-06,0.158176557,14
SutariaD,9,0,9.03E-06,0.105743169,9
CastillaC,7,0,2.15E-06,3.03E-17,7
FerrerPérezA,9,0,9.03E-06,0.072201558,9
LunaFO,14,0,9.02E-06,0.052850807,14
PeñaC,11,0,8.99E-06,0.008824704,11
DosReisV,8,0,8.98E-06,0.004443169,8
HernándezJ,8,0,9.02E-06,0.033385402,8
OrtegaOrtizCD,7,0,2.15E-06,3.05E-17,7
ThoisyB,7,0,9.02E-06,0.034175429,7
BouveretL,8,0,9.02E-06,0.033699947,8
FranciscoA,7,0,8.99E-06,0.004244056,7
vanHeldenA,9,0,9.03E-06,0.105743169,9
NascimentoLF,14,0,9.02E-06,0.052850807,14
MarchesiMC,27,838.5046576,9.04E-06,0.341748128,17
AravenaP,11,0,8.99E-06,0.008824704,11
DeThoisyB,8,0,8.98E-06,0.004443169,8
PirelaD,8,0,9.02E-06,0.033385402,8
SuardiA,14,0,8.98E-06,0.006115103,14
LimaN,13,0.52363307,9.03E-06,0.200774472,12
WangY,9,0,9.03E-06,0.105743169,9
CarmoN,11,0,9.03E-06,0.116785996,11
SantosF,11,0,9.03E-06,0.11651161,11
SilvaF,30,2485.780332,9.04E-06,0.333271075,17
PetracciP,12,0,9.03E-06,0.089432661,12
WyssV,14,0,8.98E-06,0.006115103,14
ZanelattoR,12,0,9.03E-06,0.203177047,12
HerreraJ,23,0,9.04E-06,0.491326249,23
QueirózH,15,0,9.03E-06,0.161891789,15
BakerC,11,0,9.03E-06,0.11651161,11
ReyesL,12,0,9.03E-06,0.089432661,12
GeraldesD,14,0,8.98E-06,0.006115103,14
PerezJ,12,0,9.03E-06,0.203177047,12
TobónI,23,0,9.04E-06,0.491326249,23
ReynoldsJ,15,0,9.03E-06,0.161891789,15
BorgesJCG,14,0,9.02E-06,0.052850807,14
SánchezC,11,0,8.99E-06,0.008824704,11
MarzelièreM,14,0,8.98E-06,0.006115103,14
RochaA,14,0,9.03E-06,0.158176557,14
SchaefferY,15,0,9.03E-06,0.161891789,15
JesusAH,14,0,9.02E-06,0.052850807,14
BrägerS,12,0,9.03E-06,0.089432661,12
PincheiraB,11,0,8.99E-06,0.008824704,11
LeclercB,14,0,8.98E-06,0.006115103,14
DornelesP,15,0,9.03E-06,0.161891789,15
WickertJ,17,0,9.04E-06,0.290283361,17
AttademoFLN,14,0,9.02E-06,0.052850807,14
BarnicoatS,14,0,8.98E-06,0.006115103,14
SilvaJrJM,14,0,9.02E-06,0.052850807,14
RinaldiR,14,0,8.98E-06,0.006115103,14
WetzelD,15,0,9.03E-06,0.161891789,15
CastineiraE,23,0,9.04E-06,0.491326249,23
BarachoC,17,0,9.04E-06,0.290283361,17
MontesD,23,0,9.04E-06,0.491326249,23
