"","name","gender","instType","country","lead","degOut","degIn","bet","eig","close","cores","res","degAll","vertID"
"AbudC","AbudC",NA,NA,NA,"N",NA,1,0,0,6.47525803903286e-06,1,0.276803592808417,1,1
"AcevedoGutiérrezA","AcevedoGutiérrezA","Male","University","USA","Y",4,NA,0,0,6.68011596681318e-06,1,0.276803592808451,4,2
"AdlerF","AdlerF",NA,NA,NA,"N",NA,1,0,0.00271634386705519,1.78450337271137e-05,1,0.249640154137866,1,3
"AlarcónD","AlarcónD",NA,NA,NA,"N",NA,1,0,0.051627899716061,1.79076680634648e-05,1,0.239475404352193,1,4
"AlavaJ","AlavaJ","Male","NGO","Ecuador","Y",2,NA,0,0,6.29714990995076e-06,1,0.276803592808417,2,5
"AlbaredaD","AlbaredaD",NA,NA,NA,"N",NA,1,0,0,6.54244739872291e-06,1,0.276803592808417,1,6
"AlcortaB","AlcortaB",NA,NA,NA,"N",NA,1,0,0,6.29711025610347e-06,1,0.276803592808417,1,7
"AlfaroShiguetoJ","AlfaroShiguetoJ",NA,NA,NA,"N",NA,1,0,0.00238970234677571,1.7812928623595e-05,1,0.25290656934066,1,8
"AliagaRosselE","AliagaRosselE",NA,NA,NA,"N",NA,1,0,0.00511077917810427,1.78396218000178e-05,1,0.225695801027375,1,9
"AlieviM","AlieviM",NA,NA,NA,"N",NA,1,0,0.00397443678303731,1.78332590280874e-05,1,0.237059224978044,1,10
"AlonsoM","AlonsoM","Female","NGO","Brazil","Y",5,1,142,0.16243432417812,1.7951709900368e-05,4,0.419911252029542,6,11
"AltieriB","AltieriB","Female","NGO","Brazil","Y",2,NA,0,0.00280891481358984,1.78507675830061e-05,1,0.248714444672519,2,12
"AlvarengaF","AlvarengaF",NA,NA,NA,"N",NA,3,0,0.221593745440895,1.79314302108736e-05,3,1.93913386160053,3,13
"AlvesM","AlvesM",NA,NA,NA,"N",NA,1,0,0,6.31293204128658e-06,1,0.276803592808417,1,14
"AlvesT","AlvesT",NA,NA,NA,"N",NA,1,0,2.3766905713373e-05,1.76916000283066e-05,1,0.276565923751284,1,15
"AlvesV","AlvesV",NA,NA,NA,"N",NA,1,0,0.00351248505497554,1.78256296903688e-05,1,0.241678742258662,1,16
"AndradeA","AndradeA",NA,NA,NA,"N",NA,1,0,0.0245415563516059,1.78667143112382e-05,1,0.0313880292923586,1,17
"AndrioloA","AndrioloA",NA,NA,NA,"N",NA,1,0,0.0254198798940062,1.78954903364352e-05,1,0.022604793868355,1,18
"ApazaM","ApazaM",NA,NA,NA,"N",NA,1,0,0.000370131872611271,1.77525297354873e-05,1,0.273102274082305,1,19
"AraújoD","AraújoD",NA,NA,NA,"N",NA,1,0,2.41723870021164e-05,1.76928520877565e-05,1,0.276561868938396,1,20
"AriasA","AriasA","Male","Government","Argentina","Y",7,1,5,0.0698521330704291,1.79311086804497e-05,3,0.38905476617252,8,21
"AriasSchreiberM","AriasSchreiberM",NA,NA,NA,"N",NA,1,0,0.00238970234677571,1.7812928623595e-05,1,0.25290656934066,1,22
"ArimM","ArimM",NA,NA,NA,"N",NA,1,0,0,6.29711025610347e-06,1,0.276803592808417,1,23
"AuriolesGamboaD","AuriolesGamboaD","Male","University","México","Y",2,1,2,0,6.680651497134e-06,1,0.289868781497759,3,24
"AvilaI","AvilaI",NA,NA,NA,"N",NA,1,0,0.0338453351379079,1.79256444269171e-05,1,0.0616497585706613,1,25
"AzeredoM","AzeredoM",NA,NA,NA,"N",NA,1,0,0.0302531297955328,1.78721426911872e-05,1,0.0257277051469104,1,26
"AzevedoA","AzevedoA","Male","University","Brazil","Y",3,3,36.7151515151515,0.164477450360308,1.79565451607111e-05,4,1.12812571964306,6,27
"BakerA","BakerA",NA,NA,NA,"N",NA,1,0,0.022586417992302,1.78942094338272e-05,1,0.0509394128853977,1,28
"BakerC","BakerC",NA,NA,NA,"N",NA,2,0,0.0707985978522804,1.78868478008121e-05,2,0.431182385714387,2,29
"BaldassinP","BaldassinP","Female","Other","Brazil","Y",5,NA,0,0,6.34497636496304e-06,1,0.276803592808417,5,30
"BarbosaC","BarbosaC",NA,NA,NA,"N",NA,1,0,0,6.3448153341497e-06,1,0.276803592808417,1,31
"BarbosaL","BarbosaL",NA,NA,NA,"N",NA,2,0,0.0780596882707171,1.79015771289451e-05,1,0.503793289898753,2,32
"BarbosaT","BarbosaT",NA,NA,NA,"N",NA,1,0,0,6.31293204128658e-06,1,0.276803592808417,1,33
"BarcellosJ","BarcellosJ",NA,NA,NA,"N",NA,1,0,0.00125396385282819,1.77793581651702e-05,1,0.264263954280136,1,34
"BarcellosL","BarcellosL",NA,NA,NA,"N",NA,1,0,0.0908235148421699,1.79179358537896e-05,1,0.631431555613281,1,35
"BarreraA","BarreraA",NA,NA,NA,"N",NA,1,0,0,6.29711025610347e-06,1,0.276803592808417,1,36
"BarriosGarridoH","BarriosGarridoH",NA,NA,NA,"N",NA,3,0,0.0999310062022093,1.79272512145713e-05,3,0.722506469213675,3,37
"BarrosN","BarrosN",NA,NA,NA,"N",NA,1,0,0.000682510495027479,1.78021469389208e-05,1,0.269978487858143,1,38
"BassoiM","BassoiM",NA,NA,NA,"N",NA,1,0,0.0691792642022599,1.78916481786302e-05,1,0.414989049214182,1,39
"BastidaR","BastidaR",NA,NA,NA,"N",NA,7,0,0.19431291365028,1.79243592041585e-05,4,1.66632554369439,7,40
"BazzaloM","BazzaloM",NA,NA,NA,"N",NA,5,0,0.147259685492226,1.7976235416779e-05,4,1.19579326211384,5,41
"BeltránPedrerosS","BeltránPedrerosS",NA,NA,NA,"N",NA,3,0,0.074925703211227,1.78903678259625e-05,3,0.472453439303853,3,42
"BennettM","BennettM",NA,NA,NA,"N",NA,1,0,0.0338453351379079,1.79256444269171e-05,1,0.0616497585706614,1,43
"BermúdezVillapolL","BermúdezVillapolL","Male","NGO","Venezuela","Y",5,NA,0,0,6.34497636496304e-06,1,0.276803592808417,5,44
"BertozziC","BertozziC","Female","University","Brazil","Y",1,3,2.03571428571429,0.185225950611499,1.79275726066691e-05,4,1.56215741767635,4,45
"BevilaquaC","BevilaquaC",NA,NA,NA,"N",NA,1,0,0.000263839161275713,1.77698800533096e-05,1,0.27416520119566,1,46
"BlackA","BlackA",NA,NA,NA,"N",NA,1,0,0,6.29711025610347e-06,1,0.276803592808417,1,47
"BolañosJiménezJ","BolañosJiménezJ","Male","NGO","Venezuela","Y",2,3,51.5333333333333,0.0800094260030277,1.79665462908065e-05,3,0.186644305326496,5,48
"BonvicinoC","BonvicinoC",NA,NA,NA,"N",NA,1,0,0.00830676280403474,1.78753373969934e-05,1,0.19373596476807,1,49
"BordinoP","BordinoP","Male","NGO","Argentina","Y",3,3,10.9285714285714,0.195031426427845,1.79588025070488e-05,4,1.60211874756042,6,50
"BorgesMartinsM","BorgesMartinsM",NA,NA,NA,"N",NA,1,0,0.0254198798940063,1.78954903364352e-05,1,0.0226047938683549,1,51
"BorobiaM","BorobiaM","Female","Other","Brazil","Y",4,2,74.9,0.222047952698711,1.79617056435679e-05,4,1.45438461776285,6,52
"BoteroN","BoteroN",NA,NA,NA,"N",NA,1,0,0.00729709419670692,1.78510862385976e-05,1,0.203832650841348,1,53
"BottaS","BottaS","Female","University","Brazil","Y",2,NA,0,0.106595801198542,1.79230741656809e-05,2,0.789154419177002,2,54
"BravoE","BravoE","Male","University","México","Y",3,NA,0,0,6.67895594560658e-06,1,0.276803592808417,3,55
"BrownellR","BrownellR",NA,NA,NA,"N",NA,1,0,0,6.68056223611779e-06,1,0.276803592808417,1,56
"BurenA","BurenA",NA,NA,NA,"N",NA,1,0,0.00489004398381785,1.78269007932971e-05,1,0.227903152970239,1,57
"CaballeroS","CaballeroS","Female","University","Colombia","Y",21,4,425.596825396825,0.389759182824579,1.79707436293714e-05,4,0.840536820740268,25,58
"CabreraE","CabreraE","Female","NGO","Chile","Y",2,NA,0,0,6.29714990995076e-06,1,0.276803592808417,2,59
"CampelloM","CampelloM",NA,NA,NA,"N",NA,1,0,0.000263839161275715,1.77698800533096e-05,1,0.27416520119566,1,60
"CampolimM","CampolimM",NA,NA,NA,"N",NA,1,0,0.066762183718241,1.79144049730388e-05,1,0.390818244373993,1,61
"CaonG","CaonG",NA,NA,NA,"N",NA,2,0,0.0945991440962661,1.79291797400269e-05,2,0.669187848154244,2,62
"CappozzoH","CappozzoH","Male","Government","Argentina","Y",11,1,10,0,6.54313232830821e-06,2,0.342129536255125,12,63
"CárdenasHinojosaG","CárdenasHinojosaG",NA,NA,NA,"N",NA,1,0,0,6.68056223611779e-06,1,0.276803592808417,1,64
"CarlsonC","CarlsonC",NA,NA,NA,"N",NA,1,0,0,6.29711025610347e-06,1,0.276803592808417,1,65
"CarmoN","CarmoN",NA,NA,NA,"N",NA,1,0,0.00823456072637811,1.78810907465355e-05,1,0.194457985544636,1,66
"CarmoP","CarmoP",NA,NA,NA,"N",NA,1,0,0.022586417992302,1.78942094338272e-05,1,0.0509394128853976,1,67
"CarvajalR","CarvajalR",NA,NA,NA,"N",NA,1,0,0,6.29711025610347e-06,1,0.276803592808417,1,68
"CarvalhoD","CarvalhoD",NA,NA,NA,"N",NA,1,0,0.00720958704442412,1.78195944260309e-05,1,0.204707722364176,1,69
"CarvalhoV","CarvalhoV","Male","University","Brazil","Y",5,NA,0,0.00290496532461028,1.78526796872211e-05,2,0.247753939562315,5,70
"CasconP","CasconP",NA,NA,NA,"N",NA,1,0,2.41723870021159e-05,1.76928520877565e-05,1,0.276561868938396,1,71
"CassiniM","CassiniM",NA,NA,NA,"N",NA,1,0,0,6.54227618873158e-06,1,0.276803592808417,1,72
"CastelblancoMartínezD","CastelblancoMartínezD","Female","Government","México","Y",3,NA,0,0,6.31301174851486e-06,1,0.276803592808417,3,73
"CastillaC","CastillaC",NA,NA,NA,"N",NA,1,0,0,6.37702231320107e-06,1,0.276803592808417,1,74
"CastilloV","CastilloV",NA,NA,NA,"N",NA,1,0,0,6.37702231320107e-06,1,0.276803592808417,1,75
"CastineiraE","CastineiraE",NA,NA,NA,"N",NA,1,0,0.0338453351379079,1.79256444269171e-05,1,0.0616497585706615,1,76
"CatãoDiasJ","CatãoDiasJ",NA,NA,NA,"N",NA,2,0,0.0937208205538658,1.78938892368256e-05,2,0.66040461273024,2,77
"CorcueraJ","CorcueraJ",NA,NA,NA,"N",NA,1,0,0,6.54244739872291e-06,1,0.276803592808417,1,78
"CordeiroA","CordeiroA",NA,NA,NA,"N",NA,1,0,0.00720958704442412,1.78195944260309e-05,1,0.204707722364176,1,79
"CorreaT","CorreaT",NA,NA,NA,"N",NA,1,0,0.00830676280403474,1.78753373969934e-05,1,0.19373596476807,1,80
"CoscarellaM","CoscarellaM",NA,NA,NA,"N",NA,1,0,0.00480869789343702,1.78256296903688e-05,1,0.228716613874047,1,81
"CostaP","CostaP","Female","University","Uruguay","Y",3,1,2.5,0,6.47559348814319e-06,2,0.293135078670094,4,82
"CremerM","CremerM",NA,NA,NA,"N",NA,6,0,0.173306310205303,1.79736506281791e-05,4,1.45625950924461,6,83
"CrespiAbrilA","CrespiAbrilA","Male","Government","Argentina","Y",3,NA,0,0.0529455163873963,1.79089508936567e-05,2,0.252651571065546,3,84
"CrespoE","CrespoE","Male","Government","Argentina","Y",20,5,741.390476190476,0.568441992206294,1.79917597740235e-05,5,0.564413097299895,25,85
"CuencaS","CuencaS",NA,NA,NA,"N",NA,2,0,0.0151488577871925,1.78609702079017e-05,2,0.125315014936493,2,86
"CunhaH","CunhaH","Female","University","Brazil","Y",2,2,7.71515151515151,0.0892623784534651,1.79459110241731e-05,4,0.565420236570078,4,87
"DallaRosaL","DallaRosaL",NA,NA,NA,"N",NA,3,0,0.143646194849343,1.79333596355941e-05,2,1.15965835568502,3,88
"DanilewiczD","DanilewiczD","Male","NGO","Brazil","Y",14,6,714.063492063492,0.761688911979208,1.79755891499344e-05,5,2.67539839699388,20,89
"DansS","DansS",NA,NA,NA,"N",NA,1,0,0.00489004398381785,1.78269007932971e-05,1,0.227903152970239,1,90
"daSilvaV","daSilvaV","Female","Government","Brazil","Y",11,2,272,0.0906655147699124,1.7964932451854e-05,3,1.14701410685973,13,91
"DauraJorgeF","DauraJorgeF",NA,NA,NA,"N",NA,1,0,0.0030860682668837,1.78316690442225e-05,1,0.24594291013958,1,92
"DawsonS","DawsonS",NA,NA,NA,"N",NA,1,0,0.000915630353425171,1.77698800533096e-05,1,0.267647289274166,1,93
"DayD","DayD",NA,NA,NA,"N",NA,1,0,0.00917104689052663,1.78418498429917e-05,1,0.185093123903151,1,94
"DeHaroC","DeHaroC",NA,NA,NA,"N",NA,1,0,0.00634421624467933,1.78475816526861e-05,1,0.213361430361624,1,95
"DelToroOrozcoW","DelToroOrozcoW",NA,NA,NA,"N",NA,1,0,0,6.68056223611779e-06,1,0.276803592808417,1,96
"DeMaddalenaA","DeMaddalenaA",NA,NA,NA,"N",NA,1,0,0,6.29711025610347e-06,1,0.276803592808417,1,97
"DiasR","DiasR",NA,NA,NA,"N",NA,1,0,0.0245415563516059,1.78667143112382e-05,1,0.0313880292923586,1,98
"DíazAguirreF","DíazAguirreF","Male","University","Chile","Y",7,NA,0,0,6.37726632101883e-06,1,0.276803592808417,7,99
"DiBenedittoA","DiBenedittoA","Female","University","Brazil","Y",NA,5,0,0.288148170307575,1.7951709900368e-05,4,2.60467811026733,5,100
"DiBerardinisA","DiBerardinisA",NA,NA,NA,"N",NA,1,0,0,6.6790451637034e-06,1,0.276803592808417,1,101
"DimitriadisC","DimitriadisC",NA,NA,NA,"N",NA,1,0,0,6.47525803903286e-06,1,0.276803592808417,1,102
"DittE","DittE",NA,NA,NA,"N",NA,1,0,0.066762183718241,1.79144049730388e-05,1,0.390818244373993,1,103
"DizonA","DizonA",NA,NA,NA,"N",NA,1,0,0,6.68056223611779e-06,1,0.276803592808417,1,104
"DornelesP","DornelesP",NA,NA,NA,"N",NA,1,0,0.051627899716061,1.79076680634648e-05,1,0.239475404352193,1,105
"DrehmerC","DrehmerC","Male","University","Brazil","Y",3,NA,0,0.00429195254843746,1.78501303059512e-05,2,0.233884067324043,3,106
"DunkerP","DunkerP",NA,NA,NA,"N",NA,1,0,0.066762183718241,1.79144049730388e-05,1,0.390818244373993,1,107
"DussánDuqueS","DussánDuqueS",NA,NA,NA,"N",NA,1,0,0.066762183718241,1.79144049730388e-05,1,0.390818244373993,1,108
"EchegarayM","EchegarayM",NA,NA,NA,"N",NA,1,0,0.0338453351379079,1.79256444269171e-05,1,0.0616497585706614,1,109
"EdwardsH","EdwardsH",NA,NA,NA,"N",NA,1,0,0.00823456072637811,1.78810907465355e-05,1,0.194457985544636,1,110
"EminLimaN","EminLimaN","Female","Government","Brazil","Y",3,1,9,0.00844351001034385,1.78830093528139e-05,1,0.251161841807015,4,111
"EngelM","EngelM",NA,NA,NA,"N",NA,2,0,0.0258535621656261,1.78974120342199e-05,2,0.0182679711521561,2,112
"EscobarFernándezR","EscobarFernándezR",NA,NA,NA,"N",NA,1,0,0,6.67788551433074e-06,1,0.276803592808417,1,113
"EstesS","EstesS",NA,NA,NA,"N",NA,1,0,0.000682510495027481,1.78021469389208e-05,1,0.269978487858143,1,114
"EstevezM","EstevezM",NA,NA,NA,"N",NA,1,0,0,6.3448153341497e-06,1,0.276803592808417,1,115
"EstimaS","EstimaS",NA,NA,NA,"N",NA,1,0,0.0466307473092632,1.78673527730132e-05,1,0.189503880284215,1,116
"FabiánM","FabiánM",NA,NA,NA,"N",NA,2,0,0.00310615408304007,1.78612892278565e-05,2,0.245742051978017,2,117
"FaillaSiquierG","FaillaSiquierG","Female","University","Uruguay","Y",1,NA,0,0,6.47475493052588e-06,1,0.276803592808417,1,118
"FalconíJ","FalconíJ",NA,NA,NA,"N",NA,1,0,0.00729709419670692,1.78510862385976e-05,1,0.203832650841348,1,119
"FaustinoC","FaustinoC","Female","University","Portugal","Y",1,NA,0,0.00823456072637811,1.78810907465355e-05,1,0.194457985544636,1,120
"FélixF","FélixF","Male","NGO","Ecuador","Y",3,2,12,0.0803436666086705,1.79346461494315e-05,3,0.448241941142239,5,121
"FernandesM","FernandesM","Female","Other","Brazil","Y",4,NA,0,0.0793801809691324,1.79028590865961e-05,1,0.516998216882907,4,122
"FerrerPérezA","FerrerPérezA",NA,NA,NA,"N",NA,1,0,0.00511077917810428,1.78396218000178e-05,1,0.225695801027375,1,123
"FertlD","FertlD","Female","Other","USA","Y",4,1,24,0.00751468929839962,1.78852482472457e-05,1,0.358438964096518,5,124
"FettucciaD","FettucciaD",NA,NA,NA,"N",NA,1,0,0.00823456072637812,1.78810907465355e-05,1,0.194457985544636,1,125
"FidelixL","FidelixL",NA,NA,NA,"N",NA,1,0,0.00634421624467933,1.78475816526861e-05,1,0.213361430361624,1,126
"FillaG","FillaG",NA,NA,NA,"N",NA,2,0,0.118390083434302,1.79459110241731e-05,2,0.907097241534602,2,127
"FlachL","FlachL",NA,NA,NA,"N",NA,3,0,0.129739927206078,1.79655779526427e-05,3,1.02059567925236,3,128
"FloresP","FloresP","Male","Government","Brazil","Y",20,3,259.430952380952,0.320758433546139,1.80056897979762e-05,4,1.23602357029663,23,129
"FlórezGonzálezL","FlórezGonzálezL",NA,NA,NA,"N",NA,1,0,0,6.29711025610347e-06,1,0.276803592808417,1,130
"ForestellP","ForestellP","Male","NGO","USA","Y",1,1,6,0,6.68091929449492e-06,1,0.315999158876442,2,131
"FountouraN","FountouraN",NA,NA,NA,"N",NA,1,0,0.0291324083499289,1.79214681266689e-05,1,0.0145204906908717,1,132
"FragosoA","FragosoA",NA,NA,NA,"N",NA,3,0,0.126199536153237,1.79478435665955e-05,3,0.98519176872395,3,133
"FraijaN","FraijaN","Female","University","Spain","Y",2,NA,0,0,6.29714990995076e-06,1,0.276803592808417,2,134
"FrancoFraguasP","FrancoFraguasP",NA,NA,NA,"N",NA,1,0,0,6.47509032751007e-06,1,0.276803592808417,1,135
"FrancoTrecuV","FrancoTrecuV","Female","University","Uruguay","Y",6,NA,0,0,6.47576122573208e-06,2,0.276803592808417,6,136
"FreitasA","FreitasA",NA,NA,NA,"N",NA,1,0,0.000433682271619853,1.77336407164391e-05,1,0.272466770092219,1,137
"FreitasJ","FreitasJ",NA,NA,NA,"N",NA,1,0,2.41723870021151e-05,1.76928520877565e-05,1,0.276561868938396,1,138
"FreitasT","FreitasT",NA,NA,NA,"N",NA,2,0,0,6.54219058709618e-06,2,0.276803592808417,2,139
"FruetP","FruetP",NA,NA,NA,"N",NA,1,0,0.00119478029111239,1.77676699477631e-05,1,0.264855789897294,1,140
"FurtadoNetoM","FurtadoNetoM",NA,NA,NA,"N",NA,3,0,0.00283368361842762,1.78552297968075e-05,1,0.248466756624141,3,141
"GallegoP","GallegoP",NA,NA,NA,"N",NA,1,0,0.022586417992302,1.78942094338272e-05,1,0.0509394128853976,1,142
"GallettiVernazzaniB","GallettiVernazzaniB",NA,NA,NA,"N",NA,1,0,0,6.29711025610347e-06,1,0.276803592808417,1,143
"GalloB","GalloB",NA,NA,NA,"N",NA,1,0,0,6.3448153341497e-06,1,0.276803592808417,1,144
"GalloH","GalloH",NA,NA,NA,"N",NA,1,0,0,6.3448153341497e-06,1,0.276803592808417,1,145
"GarcíaC","GarcíaC","Female","Other","Colombia","Y",2,NA,0,0.0100814239023489,1.78526796872211e-05,1,0.175989353784929,2,146
"GarcíaGodosI","GarcíaGodosI","Male","NGO","Perú","Y",4,NA,0,0.0263114937902202,1.78961308565088e-05,2,0.0136886549062155,4,147
"GarcíaJiménezA","GarcíaJiménezA",NA,NA,NA,"N",NA,1,0,0,6.29711025610347e-06,1,0.276803592808417,1,148
"GarcíaN","GarcíaN",NA,NA,NA,"N",NA,2,0,0.00969874187725486,1.78281720775169e-05,2,0.179816174035869,2,149
"GasparrouC","GasparrouC",NA,NA,NA,"N",NA,1,0,0.0112383928420591,1.78683105512374e-05,1,0.164419664387826,1,150
"GedamkeJ","GedamkeJ",NA,NA,NA,"N",NA,1,0,0.022586417992302,1.78942094338272e-05,1,0.0509394128853978,1,151
"GerpeM","GerpeM","Female","University","Argentina","Y",4,NA,0,0.0299693259341993,1.78440784425688e-05,2,0.0228896665335752,4,152
"GianggiobeA","GianggiobeA",NA,NA,NA,"N",NA,1,0,0,6.54244739872291e-06,1,0.276803592808417,1,153
"GodardC","GodardC",NA,NA,NA,"N",NA,1,0,0,6.68056223611779e-06,1,0.276803592808417,1,154
"GómezA","GómezA","Male","University","USA","Y",1,NA,0,0,6.28136757934938e-06,1,0.276803592808417,1,155
"GómezGallardoA","GómezGallardoA",NA,NA,NA,"N",NA,2,0,0,6.680651497134e-06,2,0.276803592808417,2,156
"GómezSalazarC","GómezSalazarC","Female","NGO","Colombia","Y",9,NA,0,0.0562715414282924,1.79230741656809e-05,3,0.285911821474506,9,157
"GonçalvesM","GonçalvesM",NA,NA,NA,"N",NA,1,0,0.066762183718241,1.79144049730388e-05,1,0.390818244373993,1,158
"GonzálezGándaraC","GonzálezGándaraC",NA,NA,NA,"N",NA,1,0,0,6.29711025610347e-06,1,0.276803592808417,1,159
"GonzálezPeralU","GonzálezPeralU",NA,NA,NA,"N",NA,1,0,0,6.68056223611779e-06,1,0.276803592808417,1,160
"GrandiM","GrandiM","Female","Government","Argentina","Y",5,NA,0,0.0538411664899296,1.79102339076548e-05,2,0.261608072090879,5,161
"GrochK","GrochK","Female","University","Brazil","Y",4,NA,0,0.0299079359764437,1.79285368521075e-05,2,0.02227576695602,4,162
"GurjãoL","GurjãoL","Male","University","Brazil","Y",5,NA,0,0.000266146790774781,1.77749337883716e-05,1,0.27414212490067,5,163
"GutsteinC","GutsteinC",NA,NA,NA,"N",NA,1,0,0.00310861411749225,1.7846944603084e-05,1,0.245717451633495,1,164
"HaaseB","HaaseB",NA,NA,NA,"N",NA,1,0,0.0338453351379079,1.79256444269171e-05,1,0.0616497585706614,1,165
"HardtF","HardtF","Male","University","Brazil","Y",3,NA,0,0.0190056785022414,1.78983730378909e-05,2,0.0867468077860031,3,166
"HasselL","HasselL","Male","Government","Brazil","Y",5,1,37.9666666666667,0.0597375784782669,1.79147259046937e-05,3,0.0725513600215866,6,167
"HeckelG","HeckelG",NA,NA,NA,"N",NA,1,0,0,6.67788551433074e-06,1,0.276803592808417,1,168
"HeimeierD","HeimeierD",NA,NA,NA,"N",NA,1,0,0.0353992989261402,1.78868478008121e-05,1,0.0771893964529846,1,169
"HerediaS","HerediaS",NA,NA,NA,"N",NA,1,0,0.0118267155416289,1.78145152670396e-05,1,0.158536437392128,1,170
"HernándezAranaH","HernándezAranaH",NA,NA,NA,"N",NA,1,0,0,6.31293204128658e-06,1,0.276803592808417,1,171
"HerreraJ","HerreraJ",NA,NA,NA,"N",NA,1,0,0.0338453351379079,1.79256444269171e-05,1,0.0616497585706613,1,172
"HeviaM","HeviaM",NA,NA,NA,"N",NA,1,0,0.0112383928420591,1.78683105512374e-05,1,0.164419664387826,1,173
"HigaA","HigaA","Female","University","Brazil","Y",2,NA,0,0.000367027471943277,1.77525297354873e-05,1,0.273133318088985,2,174
"HingstZaherE","HingstZaherE",NA,NA,NA,"N",NA,2,0,0.00400777150808282,1.78345312193469e-05,1,0.236725877727589,2,175
"HiriartL","HiriartL",NA,NA,NA,"N",NA,1,0,0,6.37702231320107e-06,1,0.276803592808417,1,176
"HubnerA","HubnerA",NA,NA,NA,"N",NA,1,0,0.066762183718241,1.79144049730388e-05,1,0.390818244373993,1,177
"IñíguezM","IñíguezM","Male","NGO","Argentina","Y",4,2,164.2,0.12373880114185,1.79520321700416e-05,3,0.112067572784848,6,178
"JáureguiA","JáureguiA",NA,NA,NA,"N",NA,1,0,0,6.29711025610347e-06,1,0.276803592808417,1,179
"JeffersonT","JeffersonT","Male","Government","USA","Y",3,NA,0,0,6.31301174851486e-06,1,0.276803592808417,3,180
"JiménezPinedoC","JiménezPinedoC",NA,NA,NA,"N",NA,1,0,0.00412710535894657,1.78021469389208e-05,1,0.235532539218952,1,181
"KerrI","KerrI",NA,NA,NA,"N",NA,1,0,0.00412710535894657,1.78021469389208e-05,1,0.235532539218952,1,182
"KieckheferT","KieckheferT",NA,NA,NA,"N",NA,1,0,0,6.31293204128658e-06,1,0.276803592808417,1,183
"KinasP","KinasP","Male","University","Brazil","Y",7,3,203.109523809524,0.513421522942562,1.79510653957312e-05,5,3.53057951003035,10,184
"LabradaMartagónV","LabradaMartagónV","Female","University","México","Y",2,NA,0,0,6.67966975712721e-06,1,0.276803592808417,2,185
"LaetaM","LaetaM","Female","Government","Brazil","Y",2,2,36,0.0893850343918531,1.79584799942533e-05,3,0.381873354701968,4,186
"LailsonBritoJ","LailsonBritoJ","Male","University","Brazil","Y",5,5,334.513636363636,0.333097985120986,1.79559003088415e-05,4,0.868934369277119,10,187
"LaportaP","LaportaP","Female","University","Uruguay","Y",3,1,2.5,0,6.47567735585142e-06,2,0.293135078670094,4,188
"LarkinK","LarkinK",NA,NA,NA,"N",NA,1,0,0,6.6790451637034e-06,1,0.276803592808417,1,189
"LarkinS","LarkinS",NA,NA,NA,"N",NA,1,0,0,6.6790451637034e-06,1,0.276803592808417,1,190
"LassoG","LassoG",NA,NA,NA,"N",NA,1,0,0.00128634743401003,1.78189593727726e-05,1,0.263940118468317,1,191
"LázaroM","LázaroM",NA,NA,NA,"N",NA,2,0,0.0971677310868492,1.79221105077334e-05,2,0.694873718060074,2,192
"LeBasA","LeBasA","Male","University","Uruguay","Y",NA,2,0,0,6.47525803903286e-06,1,0.276803592808417,2,193
"LemosL","LemosL",NA,NA,NA,"N",NA,1,0,0,6.3287934788112e-06,1,0.276803592808417,1,194
"LiaV","LiaV",NA,NA,NA,"N",NA,1,0,0,6.54244739872291e-06,1,0.276803592808417,1,195
"LienJ","LienJ",NA,NA,NA,"N",NA,1,0,2.37669057133753e-05,1.76916000283066e-05,1,0.276565923751284,1,196
"LimaD","LimaD","Female","University","Brazil","Y",3,NA,0,0,6.34485559108675e-06,1,0.276803592808417,3,197
"LimaN","LimaN",NA,NA,NA,"N",NA,2,0,0.154831561722654,1.79009362189643e-05,2,1.27151202441812,2,198
"LimaR","LimaR",NA,NA,NA,"N",NA,1,0,0,6.3446140571269e-06,1,0.276803592808417,1,199
"LittleV","LittleV",NA,NA,NA,"N",NA,1,0,0,6.4751741821855e-06,1,0.276803592808417,1,200
"LluchBeldaD","LluchBeldaD",NA,NA,NA,"N",NA,1,0,0,6.67962513943718e-06,1,0.276803592808417,1,201
"LodiL","LodiL",NA,NA,NA,"N",NA,1,0,0.051627899716061,1.79076680634648e-05,1,0.239475404352193,1,202
"LópezP","LópezP",NA,NA,NA,"N",NA,1,0,0,6.31293204128658e-06,1,0.276803592808417,1,203
"LoureiroJ","LoureiroJ",NA,NA,NA,"N",NA,1,0,0.0118267155416289,1.78145152670396e-05,1,0.158536437392128,1,204
"MachadoR","MachadoR",NA,NA,NA,"N",NA,1,0,0.00397443678303731,1.78332590280874e-05,1,0.237059224978044,1,205
"MagalhãesF","MagalhãesF","Female","Government","Brazil","Y",3,2,98.9666666666667,0.101847663805623,1.79323948713351e-05,3,0.0951639582702338,5,206
"MahlerB","MahlerB",NA,NA,NA,"N",NA,1,0,0,6.54244739872291e-06,1,0.276803592808417,1,207
"MaiaD","MaiaD",NA,NA,NA,"N",NA,1,0,0.000263839161275714,1.77698800533096e-05,1,0.27416520119566,1,208
"MaiaNogueiraR","MaiaNogueiraR","Male","NGO","Brazil","Y",1,1,1,0,6.32887358707897e-06,1,0.283336187153088,2,209
"MalmO","MalmO",NA,NA,NA,"N",NA,1,0,0.0302531297955328,1.78721426911872e-05,1,0.0257277051469104,1,210
"MarigoJ","MarigoJ","Female","NGO","Brazil","Y",5,5,179.666666666667,0.270211479860181,1.7950420937371e-05,4,1.25162175520089,10,211
"MarmontelM","MarmontelM",NA,NA,NA,"N",NA,2,0,0.0707985978522804,1.78868478008121e-05,2,0.431182385714387,2,212
"MarquesF","MarquesF",NA,NA,NA,"N",NA,1,0,0.00542557684555615,1.78313510814714e-05,1,0.222547824352856,1,213
"MartinA","MartinA",NA,NA,NA,"N",NA,1,0,0.000754112353928078,1.77986615406521e-05,1,0.269262469269137,1,214
"MartínezDíazS","MartínezDíazS",NA,NA,NA,"N",NA,1,0,0,6.6785990970534e-06,1,0.276803592808417,1,215
"MartinezP","MartinezP",NA,NA,NA,"N",NA,1,0,0,6.54244739872291e-06,1,0.276803592808417,1,216
"MartinsA","MartinsA","Female","NGO","Brazil","Y",3,NA,0,0.00026168229400384,1.77736700851359e-05,1,0.274186769868379,3,217
"MartinsC","MartinsC",NA,NA,NA,"N",NA,2,0,0.0258535621656261,1.78974120342199e-05,2,0.0182679711521562,2,218
"MattosG","MattosG",NA,NA,NA,"N",NA,2,0,0.0273854192707776,1.78616082592077e-05,2,0.00294940010064184,2,219
"MattosP","MattosP","Male","University","Brazil","Y",2,NA,0,0.0131549664554235,1.78504489387908e-05,1,0.145253928254182,2,220
"MayColladoL","MayColladoL","Female","University","PuertoRico","Y",1,1,4,0.0293747177780738,1.79221105077334e-05,1,0.00918679240636244,2,221
"McGuireT","McGuireT","Female","University","USA","Y",NA,1,0,0.00511077917810427,1.78396218000178e-05,1,0.225695801027375,1,222
"MeirellesA","MeirellesA","Female","NGO","Brazil","Y",4,3,23.5,0.0306720603199857,1.79336812467495e-05,2,0.123598956708322,7,223
"MejíaFajardoA","MejíaFajardoA",NA,NA,NA,"N",NA,1,0,0.00412710535894658,1.78021469389208e-05,1,0.235532539218952,1,224
"MelloD","MelloD","Female","Government","Brazil","Y",2,NA,0,0.00830305186094774,1.78817302362177e-05,1,0.19377307419894,2,225
"MendezM","MendezM",NA,NA,NA,"N",NA,1,0,0,6.28136757934938e-06,1,0.276803592808417,1,226
"MeneghetiJ","MeneghetiJ",NA,NA,NA,"N",NA,1,0,0.000389810215984882,1.77673542632767e-05,1,0.272905490648569,1,227
"MerlenG","MerlenG",NA,NA,NA,"N",NA,1,0,0,6.29711025610347e-06,1,0.276803592808417,1,228
"MesnickS","MesnickS",NA,NA,NA,"N",NA,2,0,0,6.6811871133263e-06,1,0.276803592808417,2,229
"MignucciGiannoniA","MignucciGiannoniA","Male","University","PuertoRico","Y",2,NA,0,0,6.29714990995076e-06,1,0.276803592808417,2,230
"MolinaSchillerD","MolinaSchillerD","Female","University","Brazil","Y",5,NA,0,0,6.54167702432195e-06,3,0.276803592808417,5,231
"MonteiroD","MonteiroD",NA,NA,NA,"N",NA,1,0,0.0466307473092632,1.78673527730132e-05,1,0.189503880284215,1,232
"MonteiroFilhoE","MonteiroFilhoE",NA,NA,NA,"N",NA,2,0,0.0248703466141889,1.78996545366674e-05,2,0.028100126666528,2,233
"MonteiroM","MonteiroM","Female","University","Brazil","Y",3,NA,0,0,6.31301174851486e-06,1,0.276803592808417,3,234
"MontesD","MontesD",NA,NA,NA,"N",NA,1,0,0.0338453351379079,1.79256444269171e-05,1,0.0616497585706614,1,235
"MontielVillalobosM","MontielVillalobosM",NA,NA,NA,"N",NA,3,0,0.0999310062022093,1.79272512145713e-05,3,0.722506469213676,3,236
"MontoneR","MontoneR",NA,NA,NA,"N",NA,1,0,0.0147528562528693,1.78679912804203e-05,1,0.129275030279724,1,237
"MontoyaOspinaR","MontoyaOspinaR",NA,NA,NA,"N",NA,1,0,0,6.29711025610347e-06,1,0.276803592808417,1,238
"MonzónF","MonzónF",NA,NA,NA,"N",NA,1,0,0,6.54244739872291e-06,1,0.276803592808417,1,239
"MoragaR","MoragaR",NA,NA,NA,"N",NA,1,0,0,6.31293204128658e-06,1,0.276803592808417,1,240
"MoralesVelaB","MoralesVelaB",NA,NA,NA,"N",NA,1,0,0,6.31293204128658e-06,1,0.276803592808417,1,241
"MorenoI","MorenoI","Male","NGO","Brazil","Y",8,4,530.998412698413,0.279882142176286,1.79794674481742e-05,4,0.946779398868328,12,242
"MorenoJ","MorenoJ",NA,NA,NA,"N",NA,1,0,0.00272191951879456,1.77613583886896e-05,1,0.249584397620472,1,243
"MorenoV","MorenoV",NA,NA,NA,"N",NA,1,0,0.00272191951879456,1.77613583886896e-05,1,0.249584397620472,1,244
"MoreteM","MoreteM","Female","NGO","Brazil","Y",4,NA,0,0.00477499987061183,1.78161021931622e-05,2,0.229053594102299,4,245
"MorganteJ","MorganteJ",NA,NA,NA,"N",NA,1,0,0.00397443678303731,1.78332590280874e-05,1,0.237059224978044,1,246
"MorónS","MorónS",NA,NA,NA,"N",NA,1,0,0.0118267155416289,1.78145152670396e-05,1,0.158536437392128,1,247
"MottaM","MottaM","Female","NGO","Brazil","Y",1,1,0.5,0.000521149165392492,1.77705116130293e-05,2,0.274858398326828,2,248
"MouraJ","MouraJ","Male","Government","Brazil","Y",1,1,0,0.0462702688668293,1.79256444269171e-05,2,0.185899095859875,2,249
"MouraL","MouraL",NA,NA,NA,"N",NA,1,0,0.000766869256744457,1.77999288002848e-05,1,0.269134900240973,1,250
"MuelbertM","MuelbertM","Female","University","Brazil","Y",1,3,144,0.173658621159736,1.7940759611762e-05,2,0.519089033156358,4,251
"MunizPereiraL","MunizPereiraL",NA,NA,NA,"N",NA,1,0,0.00351248505497554,1.78256296903688e-05,1,0.241678742258662,1,252
"NavarreteS","NavarreteS",NA,NA,NA,"N",NA,1,0,0,6.37702231320107e-06,1,0.276803592808417,1,253
"NayaD","NayaD",NA,NA,NA,"N",NA,1,0,0,6.29711025610347e-06,1,0.276803592808417,1,254
"NegriM","NegriM",NA,NA,NA,"N",NA,2,0,0,6.54244739872291e-06,2,0.276803592808417,2,255
"NettoD","NettoD",NA,NA,NA,"N",NA,1,0,0.066762183718241,1.79144049730388e-05,1,0.390818244373993,1,256
"NettoR","NettoR","Male","NGO","Brazil","Y",1,NA,0,0.00708965525623061,1.78183243647767e-05,1,0.205907040246111,1,257
"NunesJ","NunesJ",NA,NA,NA,"N",NA,1,0,0,6.32875342543779e-06,1,0.276803592808417,1,258
"OlavarríaC","OlavarríaC",NA,NA,NA,"N",NA,1,0,0.066762183718241,1.79144049730388e-05,1,0.390818244373992,1,259
"OliveiraG","OliveiraG","Male","University","Brazil","Y",2,NA,0,0.0138065990399876,1.78622463561017e-05,1,0.138737602408541,2,260
"OliveiraL","OliveiraL","Female","University","Brazil","Y",5,4,170,0.0437599975066365,1.79166517361236e-05,2,0.949744656336073,9,261
"OliveiraM","OliveiraM",NA,NA,NA,"N",NA,2,0,0.0382342659869946,1.78862079450536e-05,2,0.105539067061529,2,262
"OllervidesF","OllervidesF",NA,NA,NA,"N",NA,1,0,0,6.29711025610347e-06,1,0.276803592808417,1,263
"OlsonP","OlsonP",NA,NA,NA,"N",NA,1,0,0,6.31293204128658e-06,1,0.276803592808417,1,264
"OlssonP","OlssonP",NA,NA,NA,"N",NA,1,0,0.0118267155416289,1.78145152670396e-05,1,0.158536437392128,1,265
"OntónK","OntónK",NA,NA,NA,"N",NA,1,0,0.000370131872611272,1.77525297354873e-05,1,0.273102274082305,1,266
"OttP","OttP","Male","NGO","Brazil","Y",12,5,704.756782106782,0.762116988885149,1.79888469149128e-05,5,2.74047612688398,17,267
"PaceR","PaceR",NA,NA,NA,"N",NA,1,0,0.000433682271619858,1.77336407164391e-05,1,0.272466770092219,1,268
"PachecoA","PachecoA","Male","University","Chile","Y",2,NA,0,0,6.29714990995076e-06,1,0.276803592808417,2,269
"PacíficoE","PacíficoE",NA,NA,NA,"N",NA,1,0,0.066762183718241,1.79144049730388e-05,1,0.390818244373993,1,270
"PadillaSaldivarJ","PadillaSaldivarJ",NA,NA,NA,"N",NA,1,0,0,6.31293204128658e-06,1,0.276803592808417,1,271
"PalaciosD","PalaciosD","Male","University","USA","Y",2,5,64,0.100976568749445,1.79253231039489e-05,4,0.314876056627111,7,272
"PalavecinoP","PalavecinoP",NA,NA,NA,"N",NA,1,0,0,6.29711025610347e-06,1,0.276803592808417,1,273
"PalazzoJ","PalazzoJ",NA,NA,NA,"N",NA,1,0,0.00271634386705519,1.78450337271137e-05,1,0.249640154137866,1,274
"ParadaI","ParadaI",NA,NA,NA,"N",NA,1,0,0.066762183718241,1.79144049730388e-05,1,0.390818244373993,1,275
"PardoM","PardoM","Male","University","México","Y",8,NA,0,0.0454409341690698,1.78852482472457e-05,4,0.177605748882281,8,276
"ParenteC","ParenteC","Male","Other","Brazil","Y",2,NA,0,0,6.34477507772349e-06,1,0.276803592808417,2,277
"PassadoreC","PassadoreC",NA,NA,NA,"N",NA,1,0,0,6.47525803903286e-06,1,0.276803592808417,1,278
"PaszkiewiczE","PaszkiewiczE",NA,NA,NA,"N",NA,1,0,0,6.34469456640357e-06,1,0.276803592808417,1,279
"PayneR","PayneR",NA,NA,NA,"N",NA,1,0,0,6.68056223611779e-06,1,0.276803592808417,1,280
"PérezAlvarezM","PérezAlvarezM",NA,NA,NA,"N",NA,1,0,0,6.31293204128658e-06,1,0.276803592808417,1,281
"PérezCortésH","PérezCortésH",NA,NA,NA,"N",2,NA,0,0,6.29714990995076e-06,1,0.276803592808417,2,282
"PérezF","PérezF",NA,NA,NA,"N",NA,1,0,0,6.54244739872291e-06,1,0.276803592808417,1,283
"PerezJ","PerezJ",NA,NA,NA,"N",NA,1,0,0.0692181436514802,1.79047823673703e-05,1,0.415377843706384,1,284
"PiedraM","PiedraM",NA,NA,NA,"N",NA,1,0,0,6.47509032751007e-06,1,0.276803592808417,1,285
"PinedoM","PinedoM",NA,NA,NA,"N",NA,3,0,0,6.54099239936683e-06,3,0.276803592808417,3,286
"PinosL","PinosL",NA,NA,NA,"N",NA,1,0,0.00128634743401003,1.78189593727726e-05,1,0.263940118468317,1,287
"PintoR","PintoR","Male","Government","Brazil","Y",3,NA,0,0.038673740617498,1.79089508936567e-05,1,0.109933813366563,3,288
"PoolM","PoolM",NA,NA,NA,"N",NA,1,0,0.00511077917810427,1.78396218000178e-05,1,0.225695801027375,1,289
"PortocarreroAyaM","PortocarreroAyaM",NA,NA,NA,"N",NA,1,0,0.00511077917810428,1.78396218000178e-05,1,0.225695801027375,1,290
"PraderiR","PraderiR",NA,NA,NA,"N",NA,3,0,0,6.4755096226073e-06,2,0.276803592808417,3,291
"QueirózH","QueirózH",NA,NA,NA,"N",NA,1,0,0.051627899716061,1.79076680634648e-05,1,0.239475404352193,1,292
"RamosR","RamosR","Female","Other","Brazil","Y",21,6,1133.52337662338,0.852375962280887,1.79849645696198e-05,4,0.842107630318542,27,293
"RangelM","RangelM",NA,NA,NA,"N",NA,1,0,0,6.3448153341497e-06,1,0.276803592808417,1,294
"ReyesJ","ReyesJ",NA,NA,NA,"N",NA,2,0,0.0362350374846836,1.79275726066691e-05,2,0.0855467820384187,2,295
"ReynoldsJ","ReynoldsJ",NA,NA,NA,"N",NA,1,0,0.051627899716061,1.79076680634648e-05,1,0.239475404352193,1,296
"RibeiroA","RibeiroA",NA,NA,NA,"N",NA,1,0,0.00278574432571213,1.78501303059512e-05,1,0.248946149551296,1,297
"RichlenM","RichlenM",NA,NA,NA,"N",NA,1,0,0.00068251049502748,1.78021469389208e-05,1,0.269978487858143,1,298
"RitterR","RitterR",NA,NA,NA,"N",NA,1,0,0,6.37702231320107e-06,1,0.276803592808417,1,299
"RiveroL","RiveroL",NA,NA,NA,"N",NA,1,0,0.0118267155416289,1.78145152670396e-05,1,0.158536437392128,1,300
"RocaM","RocaM",NA,NA,NA,"N",NA,1,0,0.000370131872611273,1.77525297354873e-05,1,0.273102274082305,1,301
"RochaA","RochaA",NA,NA,NA,"N",NA,1,0,0.0691792642022599,1.78916481786302e-05,1,0.414989049214182,1,302
"RochaC","RochaC",NA,NA,NA,"N",NA,1,0,0.0136927096353888,1.78616082592077e-05,1,0.13987649645453,1,303
"RochaJ","RochaJ",NA,NA,NA,"N",NA,1,0,0.00634421624467933,1.78475816526861e-05,1,0.213361430361624,1,304
"RodriguesA","RodriguesA",NA,NA,NA,"N",NA,1,0,0.000766869256744457,1.77999288002848e-05,1,0.269134900240973,1,305
"RodriguesE","RodriguesE",NA,NA,NA,"N",NA,1,0,0.00823456072637812,1.78810907465355e-05,1,0.194457985544636,1,306
"RodríguezD","RodríguezD","Male","University","Argentina","Y",8,2,160,0.130216448484525,1.78977323573103e-05,4,0.019854203110478,10,307
"RojasBrachoL","RojasBrachoL",NA,NA,NA,"N",NA,1,0,0,6.31293204128658e-06,1,0.276803592808417,1,308
"RosalesS","RosalesS",NA,NA,NA,"N",NA,1,0,0,6.54099239936683e-06,1,0.276803592808417,1,309
"RosasF","RosasF","Male","Government","Brazil","Y",8,3,271.5,0.150761723538045,1.79452669358457e-05,4,0.54278572200606,11,310
"RossiSantosM","RossiSantosM","Male","NGO","Brazil","Y",4,4,162,0.123069856944254,1.7950420937371e-05,4,0.104385307202536,8,311
"RossoC","RossoC",NA,NA,NA,"N",NA,1,0,0,6.3448153341497e-06,1,0.276803592808417,1,312
"RossoS","RossoS",NA,NA,NA,"N",NA,1,0,0.066762183718241,1.79144049730388e-05,1,0.390818244373993,1,313
"RowlettR","RowlettR",NA,NA,NA,"N",NA,1,0,0.000682510495027479,1.78021469389208e-05,1,0.269978487858143,1,314
"RubioCisnerosN","RubioCisnerosN","Female","Government","México","Y",6,NA,0,0,6.68163352576438e-06,1,0.276803592808417,6,315
"RuoppoloV","RuoppoloV",NA,NA,NA,"N",NA,1,0,0.0691792642022599,1.78916481786302e-05,1,0.414989049214182,1,316
"SalazarS","SalazarS",NA,NA,NA,"N",NA,1,0,0.00917104689052663,1.78418498429917e-05,1,0.185093123903151,1,317
"SaldanhaM","SaldanhaM",NA,NA,NA,"N",NA,1,0,0.0302531297955328,1.78721426911872e-05,1,0.0257277051469103,1,318
"SalinasC","SalinasC",NA,NA,NA,"N",NA,1,0,0,6.37702231320107e-06,1,0.276803592808417,1,319
"SalvadeoC","SalvadeoC","Male","University","México","Y",3,NA,0,0,6.68069612853659e-06,2,0.276803592808417,3,320
"SanctisB","SanctisB",NA,NA,NA,"N",NA,1,0,0.00972328094163633,1.78539546509552e-05,1,0.179570783392054,1,321
"SanfeliceD","SanfeliceD","Female","University","Brazil","Y",1,1,1,0,6.54261861767554e-06,2,0.283336187153088,2,322
"SaninoG","SaninoG",NA,NA,NA,"N",NA,3,0,0.0790181711225119,1.79333596355941e-05,3,0.513378118416701,3,323
"SantillánL","SantillánL","Male","NGO","Perú","Y",4,NA,0,0.00407528681591427,1.78351673830459e-05,1,0.236050724649275,4,324
"SantosF","SantosF",NA,NA,NA,"N",NA,2,0,0.0707985978522804,1.78868478008121e-05,2,0.431182385714386,2,325
"SantosM","SantosM","Male","University","Brazil","Y",25,6,1521.17186147186,0.73507597491969,1.79985601151908e-05,4,2.86324254313482,31,326
"SantosR","SantosR",NA,NA,NA,"N",NA,1,0,2.41723870021179e-05,1.76928520877565e-05,1,0.276561868938396,1,327
"SantosW","SantosW",NA,NA,NA,"N",NA,1,0,0.00720958704442411,1.78195944260309e-05,1,0.204707722364176,1,328
"SaubidetA","SaubidetA",NA,NA,NA,"N",NA,1,0,0,6.54244739872291e-06,1,0.276803592808417,1,329
"SayeghA","SayeghA",NA,NA,NA,"N",NA,1,0,0,6.3448153341497e-06,1,0.276803592808417,1,330
"SchaefferY","SchaefferY",NA,NA,NA,"N",NA,1,0,0.051627899716061,1.79076680634648e-05,1,0.239475404352193,1,331
"SchrammY","SchrammY",NA,NA,NA,"N",NA,2,0,0,6.67984823384813e-06,1,0.276803592808417,2,332
"SecchiE","SecchiE","Male","University","Brazil","Y",15,10,1655.68398268398,1,1.80021242506616e-05,5,1.09271541465168,25,333
"SepúlvedaM","SepúlvedaM","Female","NGO","Chile","Y",3,NA,0,0,6.31301174851486e-06,1,0.276803592808417,3,334
"SequeiraM","SequeiraM",NA,NA,NA,"N",NA,1,0,0.022586417992302,1.78942094338272e-05,1,0.0509394128853976,1,335
"SerranoA","SerranoA","Male","University","México","Y",2,NA,0,0,6.29714990995076e-06,1,0.276803592808417,2,336
"SicilianoS","SicilianoS",NA,NA,NA,"N",NA,14,0,0.418787009141282,1.79917597740235e-05,4,3.9110664986044,14,337
"SilvaC","SilvaC",NA,NA,NA,"N",NA,2,0,0.00283307692467013,1.78507675830061e-05,2,0.248472823561716,2,338
"SilvaE","SilvaE",NA,NA,NA,"N",NA,1,0,0.066762183718241,1.79144049730388e-05,1,0.390818244373992,1,339
"SilvaF","SilvaF",NA,NA,NA,"N",NA,1,0,0.0291324083499289,1.79214681266689e-05,1,0.0145204906908718,1,340
"SilvaK","SilvaK",NA,NA,NA,"N",NA,1,0,0.0466307473092632,1.78673527730132e-05,1,0.189503880284215,1,341
"SilvaM","SilvaM",NA,NA,NA,"N",NA,1,0,0.000766869256744459,1.77999288002848e-05,1,0.269134900240973,1,342
"SilvaS","SilvaS",NA,NA,NA,"N",NA,1,0,0,6.29711025610347e-06,1,0.276803592808417,1,343
"SimõesLopesP","SimõesLopesP","Male","University","Brazil","Y",1,3,37,0.034226974400785,1.7930465654193e-05,2,0.176239839553383,4,344
"SoaresFilhoA","SoaresFilhoA",NA,NA,NA,"N",NA,1,0,0.00278574432571214,1.78501303059512e-05,1,0.248946149551296,1,345
"SoléCavaA","SoléCavaA","Male","University","Brazil","Y",5,NA,0,0.0914604859597206,1.79591250314285e-05,3,0.637801266788788,5,346
"SonninoSorisioL","SonninoSorisioL","Male","Other","Italy","Y",2,NA,0,0,6.29714990995076e-06,1,0.276803592808417,2,347
"SousaLimaR","SousaLimaR",NA,NA,NA,"N",NA,1,0,0.0111776369788001,1.78667143112382e-05,1,0.165027223020416,1,348
"SoutoL","SoutoL","Male","NGO","Brazil","Y",3,NA,0,0,6.32891364197336e-06,1,0.276803592808417,3,349
"SouzaSM","SouzaSM",NA,NA,NA,"N",NA,2,0,0.0419635981356642,1.79282154254366e-05,2,0.142832388548225,2,350
"SouzaSP","SouzaSP","Female","NGO","Brazil","Y",3,1,57.0333333333333,0.107056866919686,1.79375414805647e-05,2,0.421189445597394,4,351
"StolenM","StolenM",NA,NA,NA,"N",NA,1,0,0.0201671755276048,1.78778939840887e-05,1,0.0751318375323699,1,352
"SuarezA","SuarezA","Female","Government","Argentina","Y",3,NA,0,0,6.54296108246748e-06,2,0.276803592808417,3,353
"SuárezE","SuárezE",NA,NA,NA,"N",NA,1,0,0.00128634743401004,1.78189593727726e-05,1,0.263940118468317,1,354
"SutariaD","SutariaD",NA,NA,NA,"N",NA,1,0,0.022586417992302,1.78942094338272e-05,1,0.0509394128853974,1,355
"SvendsenG","SvendsenG",NA,NA,NA,"N",NA,1,0,0.00489004398381785,1.78269007932971e-05,1,0.227903152970239,1,356
"SzephegyiM","SzephegyiM",NA,NA,NA,"N",NA,1,0,0,6.47525803903286e-06,1,0.276803592808417,1,357
"SzterenD","SzterenD","Female","University","Uruguay","Y",2,NA,0,0,6.29714990995076e-06,1,0.276803592808417,2,358
"TaniguchiS","TaniguchiS",NA,NA,NA,"N",NA,1,0,0.0147528562528693,1.78679912804203e-05,1,0.129275030279724,1,359
"TobónI","TobónI",NA,NA,NA,"N",NA,1,0,0.0338453351379079,1.79256444269171e-05,1,0.0616497585706614,1,360
"TomsinA","TomsinA",NA,NA,NA,"N",NA,1,0,0.0112383928420591,1.78683105512374e-05,1,0.164419664387826,1,361
"TonelloA","TonelloA",NA,NA,NA,"N",NA,1,0,0.00172616252353381,1.7815150003563e-05,1,0.259541967573079,1,362
"TrimbleM","TrimbleM","Female","University","Uruguay","Y",1,NA,0,0,6.47500647500647e-06,1,0.276803592808417,1,363
"TrujilloF","TrujilloF",NA,NA,NA,"N",NA,6,0,0.110084521092685,1.79356111559501e-05,4,0.824041618118436,6,364
"UrbánRamírezJ","UrbánRamírezJ","Male","University","México","Y",5,3,19,0,6.68163352576438e-06,2,0.400922885357161,8,365
"UtrerasV","UtrerasV",NA,NA,NA,"N",4,3,19,0.0141631540713373,1.79022180848207e-05,2,0.259291344643788,7,366
"VanBressemM","VanBressemM","Female","NGO","Perú","Y",25,NA,0,0.372649475157653,1.80099054479964e-05,4,3.44969115876811,25,367
"vanHeldenA","vanHeldenA",NA,NA,NA,"N",NA,1,0,0.022586417992302,1.78942094338272e-05,1,0.0509394128853976,1,368
"VanWaerebeekK","VanWaerebeekK","Male","NGO","Perú","Y",14,5,378.599422799423,0.248684693953454,1.79781744961617e-05,4,0.263193101548982,19,369
"VaskeT","VaskeT",NA,NA,NA,"N",NA,1,0,0,6.31293204128658e-06,1,0.276803592808417,1,370
"VázquezJuárezR","VázquezJuárezR",NA,NA,NA,"N",NA,1,0,0,6.68056223611779e-06,1,0.276803592808417,1,371
"VelascoEscuderoM","VelascoEscuderoM",NA,NA,NA,"N",NA,1,0,0,6.29711025610347e-06,1,0.276803592808417,1,372
"VenturottiA","VenturottiA",NA,NA,NA,"N",NA,2,0,0.0146757396508465,1.78498116844867e-05,2,0.130046196299953,2,373
"VeraN","VeraN",NA,NA,NA,"N",NA,1,0,0,6.3448153341497e-06,1,0.276803592808417,1,374
"VergaraParenteJ","VergaraParenteJ",NA,NA,NA,"N",NA,2,0,0,6.34485559108675e-06,1,0.276803592808417,2,375
"VianaD","VianaD",NA,NA,NA,"N",NA,1,0,0.000255115516262446,1.77679856434676e-05,1,0.274252437645793,1,376
"ViannaJ","ViannaJ",NA,NA,NA,"N",NA,2,0,0.0707985978522804,1.78868478008121e-05,2,0.431182385714387,2,377
"VicenteA","VicenteA",NA,NA,NA,"N",NA,3,0,0.221593745440895,1.79314302108736e-05,3,1.93913386160053,3,378
"ViddiF","ViddiF",NA,NA,NA,"N",NA,1,0,0.0338453351379079,1.79256444269171e-05,1,0.0616497585706613,1,379
"ViolanteT","ViolanteT",NA,NA,NA,"N",NA,1,0,0,6.3287934788112e-06,1,0.276803592808417,1,380
"VisserI","VisserI",NA,NA,NA,"N",NA,1,0,0,6.29711025610347e-06,1,0.276803592808417,1,381
"VivoM","VivoM",NA,NA,NA,"N",NA,1,0,3.33347250455033e-05,1.76706543443304e-05,1,0.276470245557962,1,382
"WalshM","WalshM",NA,NA,NA,"N",NA,1,0,0,6.3448153341497e-06,1,0.276803592808417,1,383
"WangJ","WangJ",NA,NA,NA,"N",NA,2,0,0.18164702968434,1.79179358537896e-05,2,1.53966670403498,2,384
"WangY","WangY",NA,NA,NA,"N",NA,1,0,0.022586417992302,1.78942094338272e-05,1,0.0509394128853974,1,385
"WartzokD","WartzokD",NA,NA,NA,"N",NA,1,0,0.00266791511610141,1.78386670947947e-05,1,0.250124441647403,1,386
"WedekinL","WedekinL","Male","University","Brazil","Y",2,3,97,0.0339787363685119,1.79150468478475e-05,3,0.570677880556357,5,387
"WeiskelH","WeiskelH","Female","NGO","USA","Y",2,1,2,0.0304018721422176,1.78782136088962e-05,3,0.0141499399244174,3,388
"WellsR","WellsR",NA,NA,NA,"N",NA,1,0,0.0201671755276048,1.78778939840887e-05,1,0.0751318375323697,1,389
"WerneckM","WerneckM",NA,NA,NA,"N",NA,1,0,0,6.3448153341497e-06,1,0.276803592808417,1,390
"WetzelD","WetzelD",NA,NA,NA,"N",NA,1,0,0.051627899716061,1.79076680634648e-05,1,0.239475404352193,1,391
"WilliamsonC","WilliamsonC",NA,NA,NA,"N",NA,1,0,0.022586417992302,1.78942094338272e-05,1,0.0509394128853976,1,392
"WurdigN","WurdigN",NA,NA,NA,"N",NA,1,0,0.00397443678303731,1.78332590280874e-05,1,0.237059224978044,1,393
"YatesO","YatesO","Male","Other","Chile","Y",2,NA,0,0,6.29714990995076e-06,1,0.276803592808417,2,394
"YoungR","YoungR",NA,NA,NA,"N",NA,1,0,0,6.34469456640357e-06,1,0.276803592808417,1,395
"ZampirolliE","ZampirolliE",NA,NA,NA,"N",NA,3,0,0.221593745440895,1.79314302108736e-05,3,1.93913386160053,3,396
"ZanelattoR","ZanelattoR",NA,NA,NA,"N",NA,1,0,0.0692181436514802,1.79047823673703e-05,1,0.415377843706385,1,397
"ZapataRíosG","ZapataRíosG","Male","NGO","Ecuador","Y",1,1,0,0.00257269486802006,1.78189593727726e-05,2,0.251076644128217,2,398
"ZerbiniA","ZerbiniA",NA,NA,NA,"N",NA,4,0,0.262477948439342,1.79256444269171e-05,4,2.34797589158501,4,399
"ZeregaA","ZeregaA",NA,NA,NA,"N",NA,1,0,0,6.37702231320107e-06,1,0.276803592808417,1,400
